"","p_val","avg_log2FC","pct.1","pct.2","p_val_adj","cluster","gene"
"CD79A",0,4.19662462125919,0.952,0.018,0,"B","CD79A"
"MS4A1",0,3.82300124494393,0.896,0.011,0,"B","MS4A1"
"IGHM",0,3.29070017717798,0.712,0.017,0,"B","IGHM"
"CD74",0,2.96571483426399,0.998,0.863,0,"B","CD74"
"HLA-DRA",0,2.6691940453701,0.966,0.385,0,"B","HLA-DRA"
"CD79B",0,2.63047135721389,0.782,0.073,0,"B","CD79B"
"HLA-DQA1",0,2.60018619722677,0.776,0.091,0,"B","HLA-DQA1"
"BANK1",0,2.55745004961052,0.716,0.01,0,"B","BANK1"
"LINC00926",0,2.54832660765792,0.696,0.005,0,"B","LINC00926"
"HLA-DQB1",0,2.39327145524817,0.872,0.214,0,"B","HLA-DQB1"
"FAM129C",0,2.17230075668357,0.611,0.022,0,"B","FAM129C"
"FCER2",0,2.13830159132646,0.507,0.005,0,"B","FCER2"
"CD37",0,2.08271603527821,0.977,0.849,0,"B","CD37"
"HLA-DPA1",0,2.03819326588596,0.958,0.514,0,"B","HLA-DPA1"
"RALGPS2",0,1.99153763205011,0.594,0.024,0,"B","RALGPS2"
"HLA-DPB1",0,1.96466241048148,0.92,0.475,0,"B","HLA-DPB1"
"HLA-DRB5",0,1.96089961574822,0.861,0.388,0,"B","HLA-DRB5"
"HLA-DQA2",0,1.84757802924191,0.55,0.093,0,"B","HLA-DQA2"
"HVCN1",0,1.76874272007677,0.578,0.105,0,"B","HVCN1"
"AFF3",0,1.75478826677166,0.528,0.025,0,"B","AFF3"
"MEF2C",0,1.7294878195806,0.635,0.13,0,"B","MEF2C"
"HLA-DMA",0,1.61042715407326,0.768,0.24,0,"B","HLA-DMA"
"SWAP70",0,1.56733149662503,0.507,0.055,0,"B","SWAP70"
"SNX2",0,1.3884340215378,0.673,0.25,0,"B","SNX2"
"HLA-DMB",0,1.33013218366508,0.567,0.15,0,"B","HLA-DMB"
"HLA-DRB1",0,1.28349015928726,0.816,0.372,0,"B","HLA-DRB1"
"FCMR",0,1.23714119974461,0.693,0.308,0,"B","FCMR"
"LTB",0,1.22481577326756,0.861,0.45,0,"B","LTB"
"EZR",0,1.13705450246897,0.703,0.4,0,"B","EZR"
"SYNGR2",0,1.02381990748944,0.67,0.367,0,"B","SYNGR2"
"NCF1",0,0.939546990684162,0.777,0.322,0,"B","NCF1"
"TSC22D3",0,0.92445498705885,0.864,0.796,0,"B","TSC22D3"
"FOXP1",0,0.852962889714835,0.636,0.411,0,"B","FOXP1"
"CXCR4",0,0.831111680851718,0.654,0.441,0,"B","CXCR4"
"POLD4",0,0.827422231950534,0.608,0.377,0,"B","POLD4"
"LAPTM5",0,0.814735658506642,0.937,0.882,0,"B","LAPTM5"
"ISG20",0,0.791093787245301,0.667,0.427,0,"B","ISG20"
"TAGAP",0,0.788281338655729,0.584,0.37,0,"B","TAGAP"
"POU2F2",0,0.787523288721623,0.518,0.244,0,"B","POU2F2"
"CD52",0,0.768166615655705,0.958,0.828,0,"B","CD52"
"REL",0,0.730371646927098,0.571,0.374,0,"B","REL"
"RPS5",0,0.711745768469494,0.989,0.948,0,"B","RPS5"
"SNX3",0,0.69736955017374,0.599,0.397,0,"B","SNX3"
"RPS11",0,0.669679445104073,0.935,0.874,0,"B","RPS11"
"BTG1",0,0.667906049542528,0.89,0.8,0,"B","BTG1"
"RPL18A",0,0.651361451695092,0.997,0.986,0,"B","RPL18A"
"RPL8",0,0.626385421068735,0.996,0.985,0,"B","RPL8"
"RCSD1",0,0.619278479611155,0.527,0.347,0,"B","RCSD1"
"ZFP36L1",0,0.598541245676776,0.641,0.49,0,"B","ZFP36L1"
"PTPN6",0,0.59467246110825,0.597,0.432,0,"B","PTPN6"
"SEC62",0,0.587525197639169,0.64,0.469,0,"B","SEC62"
"RHOH",0,0.587208619858359,0.51,0.298,0,"B","RHOH"
"EEF2",0,0.583861060324844,0.961,0.899,0,"B","EEF2"
"SP100",0,0.581004223688517,0.645,0.455,0,"B","SP100"
"RPS8",0,0.576959819436175,0.998,0.988,0,"B","RPS8"
"SP110",0,0.572603579194043,0.545,0.378,0,"B","SP110"
"RPS23",0,0.557692721956851,0.997,0.986,0,"B","RPS23"
"RPL13A",0,0.538211962028639,0.924,0.894,0,"B","RPL13A"
"PTPRCAP",0,0.531627335889977,0.821,0.556,0,"B","PTPRCAP"
"PNISR",0,0.52263820896813,0.702,0.562,0,"B","PNISR"
"RPL22L1",0,0.519869269014705,0.553,0.412,0,"B","RPL22L1"
"MT-ND4L",0,0.511867048688804,0.984,0.929,0,"B","MT-ND4L"
"HSP90B1",4.95614626151003e-42,0.604795874131671,0.495,0.564,1.38241787672299e-37,"B","HSP90B1"
"LTB1",0,2.0045784036563,0.947,0.336,0,"CD4+ T","LTB"
"IL7R",0,1.84948984603893,0.852,0.22,0,"CD4+ T","IL7R"
"MAL",0,1.63723903957498,0.537,0.049,0,"CD4+ T","MAL"
"TCF7",0,1.56826311752559,0.632,0.126,0,"CD4+ T","TCF7"
"LDHB",0,1.56609913308866,0.928,0.523,0,"CD4+ T","LDHB"
"LEF1",0,1.51099862533292,0.561,0.082,0,"CD4+ T","LEF1"
"NOSIP",0,1.31249580234477,0.725,0.343,0,"CD4+ T","NOSIP"
"CAMK4",0,1.29649193167925,0.533,0.107,0,"CD4+ T","CAMK4"
"FLT3LG",0,1.2066660552449,0.626,0.213,0,"CD4+ T","FLT3LG"
"PIK3IP1",0,1.13888252357751,0.629,0.244,0,"CD4+ T","PIK3IP1"
"SARAF",0,1.10722370562425,0.923,0.726,0,"CD4+ T","SARAF"
"LEPROTL1",0,1.00594596528078,0.678,0.352,0,"CD4+ T","LEPROTL1"
"USHBP1",0,0.971403429319605,0.527,0.203,0,"CD4+ T","USHBP1"
"CD3E",0,0.927876607484183,0.961,0.44,0,"CD4+ T","CD3E"
"C12orf57",0,0.911166711752117,0.815,0.487,0,"CD4+ T","C12orf57"
"RPS12",0,0.901819017111513,0.995,0.991,0,"CD4+ T","RPS12"
"NPM1",0,0.872726861142011,0.939,0.76,0,"CD4+ T","NPM1"
"RPL32",0,0.87144806458323,0.994,0.989,0,"CD4+ T","RPL32"
"RPS25",0,0.850278112838334,0.991,0.974,0,"CD4+ T","RPS25"
"LINC00861",0,0.845313952604588,0.539,0.23,0,"CD4+ T","LINC00861"
"CD3D",0,0.838537239024898,0.821,0.325,0,"CD4+ T","CD3D"
"EEF1B2",0,0.837576219146664,0.972,0.889,0,"CD4+ T","EEF1B2"
"RPL30",0,0.829829224673691,0.995,0.991,0,"CD4+ T","RPL30"
"RPL5",0,0.826010421334304,0.99,0.962,0,"CD4+ T","RPL5"
"RPSA",0,0.822611488739448,0.98,0.909,0,"CD4+ T","RPSA"
"RPS51",0,0.816755498952134,0.984,0.941,0,"CD4+ T","RPS5"
"EEF1A1",0,0.806073877549495,0.999,0.994,0,"CD4+ T","EEF1A1"
"NDFIP1",0,0.79118031769614,0.619,0.383,0,"CD4+ T","NDFIP1"
"RPS6",0,0.782514875927436,0.989,0.969,0,"CD4+ T","RPS6"
"RPL9",0,0.773162575968374,0.986,0.967,0,"CD4+ T","RPL9"
"RPL14",0,0.770958762097326,0.992,0.976,0,"CD4+ T","RPL14"
"RPS3A",0,0.770944966681126,0.988,0.979,0,"CD4+ T","RPS3A"
"AES",0,0.769945418694327,0.815,0.56,0,"CD4+ T","AES"
"SELL",0,0.767160012193809,0.664,0.426,0,"CD4+ T","SELL"
"RPL36",0,0.754460695314945,0.989,0.977,0,"CD4+ T","RPL36"
"RPS4X",0,0.754149098338234,0.992,0.977,0,"CD4+ T","RPS4X"
"TPT1",0,0.753394997997059,0.993,0.99,0,"CD4+ T","TPT1"
"RPS81",0,0.752592459241257,0.994,0.987,0,"CD4+ T","RPS8"
"RPS18",0,0.752109106206701,0.992,0.98,0,"CD4+ T","RPS18"
"RPL10",0,0.751639116157932,0.997,0.993,0,"CD4+ T","RPL10"
"RPL11",0,0.751323965945226,0.995,0.991,0,"CD4+ T","RPL11"
"FOXP11",0,0.750294331283506,0.612,0.37,0,"CD4+ T","FOXP1"
"RPL22",0,0.748969204724548,0.983,0.955,0,"CD4+ T","RPL22"
"RPL13",0,0.743386187440501,0.996,0.99,0,"CD4+ T","RPL13"
"RPS15A",0,0.742453158610633,0.993,0.99,0,"CD4+ T","RPS15A"
"RPL34",0,0.73602937981035,0.993,0.99,0,"CD4+ T","RPL34"
"TMEM123",0,0.734534505246293,0.624,0.376,0,"CD4+ T","TMEM123"
"RPL10A",0,0.733325948207399,0.977,0.925,0,"CD4+ T","RPL10A"
"ARHGAP15",0,0.733062024062891,0.522,0.277,0,"CD4+ T","ARHGAP15"
"RPS27A",0,0.724626870329068,0.995,0.99,0,"CD4+ T","RPS27A"
"RPS29",0,0.720235383209595,0.957,0.903,0,"CD4+ T","RPS29"
"RPS27",0,0.716206438321166,0.995,0.991,0,"CD4+ T","RPS27"
"RPL3",0,0.713247533856149,0.988,0.956,0,"CD4+ T","RPL3"
"EIF3E",0,0.706945137929265,0.78,0.583,0,"CD4+ T","EIF3E"
"MCUB",0,0.706000819825486,0.544,0.314,0,"CD4+ T","MCUB"
"ETS1",0,0.698435315054394,0.529,0.267,0,"CD4+ T","ETS1"
"CD3G",0,0.696301028929445,0.662,0.277,0,"CD4+ T","CD3G"
"NOP53",0,0.693684951596365,0.818,0.637,0,"CD4+ T","NOP53"
"GIMAP7",0,0.693369065843823,0.63,0.391,0,"CD4+ T","GIMAP7"
"RPS21",0,0.689919307793319,0.994,0.98,0,"CD4+ T","RPS21"
"RPL4",0,0.68941437839308,0.96,0.904,0,"CD4+ T","RPL4"
"RPLP0",0,0.682650460105881,0.99,0.961,0,"CD4+ T","RPLP0"
"EEF1G",0,0.682159932793414,0.684,0.491,0,"CD4+ T","EEF1G"
"RPL35A",0,0.679193560675392,0.989,0.986,0,"CD4+ T","RPL35A"
"RPS14",0,0.677125183039069,0.992,0.988,0,"CD4+ T","RPS14"
"RPS3",0,0.674362963051752,0.994,0.985,0,"CD4+ T","RPS3"
"RHOH1",0,0.673832862087686,0.515,0.252,0,"CD4+ T","RHOH"
"HINT1",0,0.663751594152252,0.905,0.764,0,"CD4+ T","HINT1"
"RPL39",0,0.651277994031866,0.992,0.99,0,"CD4+ T","RPL39"
"RPL18",0,0.650049173741831,0.991,0.983,0,"CD4+ T","RPL18"
"RPS231",0,0.646625351112498,0.992,0.986,0,"CD4+ T","RPS23"
"RPL37",0,0.643744699837217,0.991,0.983,0,"CD4+ T","RPL37"
"RPS13",0,0.635641684178919,0.992,0.987,0,"CD4+ T","RPS13"
"DNAJB1",0,0.631736253445715,0.58,0.332,0,"CD4+ T","DNAJB1"
"SNHG8",0,0.630502887314651,0.574,0.361,0,"CD4+ T","SNHG8"
"RPL24",0,0.630421784904164,0.984,0.959,0,"CD4+ T","RPL24"
"RPL19",0,0.629018452749362,0.994,0.99,0,"CD4+ T","RPL19"
"RPL38",0,0.628398969000839,0.937,0.883,0,"CD4+ T","RPL38"
"SPOCK2",0,0.620829943948934,0.566,0.275,0,"CD4+ T","SPOCK2"
"SOD1",0,0.618136637620829,0.708,0.494,0,"CD4+ T","SOD1"
"RPL12",0,0.617690725828732,0.99,0.982,0,"CD4+ T","RPL12"
"MGAT4A",0,0.615446896517895,0.503,0.275,0,"CD4+ T","MGAT4A"
"BTG11",0,0.613307439437417,0.911,0.775,0,"CD4+ T","BTG1"
"EEF21",0,0.611891425994519,0.955,0.888,0,"CD4+ T","EEF2"
"FYB1",0,0.611454614321026,0.833,0.655,0,"CD4+ T","FYB1"
"RPL18A1",0,0.610823092819443,0.992,0.985,0,"CD4+ T","RPL18A"
"RPS16",0,0.60777688121839,0.971,0.94,0,"CD4+ T","RPS16"
"GSTK1",0,0.606400336167944,0.773,0.625,0,"CD4+ T","GSTK1"
"EVL",0,0.603163882420381,0.82,0.535,0,"CD4+ T","EVL"
"RPS4Y1",0,0.602727287476516,0.616,0.545,0,"CD4+ T","RPS4Y1"
"PPP1R2",0,0.601777829733734,0.564,0.365,0,"CD4+ T","PPP1R2"
"RPS28",0,0.590126188394692,0.993,0.989,0,"CD4+ T","RPS28"
"RPS20",0,0.584876498031103,0.804,0.688,0,"CD4+ T","RPS20"
"RPL29",0,0.579551210099206,0.99,0.983,0,"CD4+ T","RPL29"
"RPLP2",0,0.577116556972398,0.986,0.973,0,"CD4+ T","RPLP2"
"RPL7",0,0.567919518694797,0.94,0.883,0,"CD4+ T","RPL7"
"SEPT6",0,0.557235189159916,0.615,0.409,0,"CD4+ T","SEPT6"
"RPL13A1",0,0.557188971959349,0.928,0.886,0,"CD4+ T","RPL13A"
"PABPC1",0,0.555172476675071,0.97,0.915,0,"CD4+ T","PABPC1"
"RPL21",0,0.551989795834982,0.982,0.968,0,"CD4+ T","RPL21"
"PEBP1",0,0.549506007452429,0.588,0.378,0,"CD4+ T","PEBP1"
"FCMR1",0,0.549415709803519,0.519,0.28,0,"CD4+ T","FCMR"
"RACK1",0,0.545703638039866,0.986,0.962,0,"CD4+ T","RACK1"
"RPS2",0,0.545630026117458,0.961,0.921,0,"CD4+ T","RPS2"
"IL32",0,0.545050892615306,0.922,0.483,0,"CD4+ T","IL32"
"LAT",0,0.542624505660028,0.55,0.291,0,"CD4+ T","LAT"
"TOMM7",0,0.540968226575579,0.916,0.835,0,"CD4+ T","TOMM7"
"CNN2",0,0.539370292726259,0.726,0.55,0,"CD4+ T","CNN2"
"LCK",0,0.534517251326545,0.686,0.377,0,"CD4+ T","LCK"
"EIF4B",0,0.502585528862081,0.694,0.535,0,"CD4+ T","EIF4B"
"CD8A",0,2.52165201356212,0.693,0.052,0,"CD8+ T","CD8A"
"CD8B",0,2.44050702085555,0.617,0.031,0,"CD8+ T","CD8B"
"CCL5",0,1.51247517809821,0.779,0.31,0,"CD8+ T","CCL5"
"GZMH",0,1.45104025610756,0.556,0.2,0,"CD8+ T","GZMH"
"CD3D1",0,1.26622100427624,0.835,0.325,0,"CD8+ T","CD3D"
"IL321",0,1.23800637062714,0.968,0.473,0,"CD8+ T","IL32"
"CD3E1",0,1.15605824551211,0.959,0.446,0,"CD8+ T","CD3E"
"CD3G1",0,1.08868030777368,0.695,0.27,0,"CD8+ T","CD3G"
"GZMA",0,1.00898744360224,0.664,0.242,0,"CD8+ T","GZMA"
"NKG7",0,0.980239080392435,0.764,0.323,0,"CD8+ T","NKG7"
"GZMM",0,0.895827704353364,0.73,0.309,0,"CD8+ T","GZMM"
"CD2",0,0.887282114504957,0.565,0.253,0,"CD8+ T","CD2"
"CST7",0,0.86623635631938,0.721,0.273,0,"CD8+ T","CST7"
"LCK1",0,0.781207401822105,0.725,0.368,0,"CD8+ T","LCK"
"DNAJB11",0,0.778761202293906,0.556,0.341,0,"CD8+ T","DNAJB1"
"CTSW",0,0.715717791542888,0.78,0.29,0,"CD8+ T","CTSW"
"TRBC2",0,0.703962246242785,0.523,0.277,0,"CD8+ T","TRBC2"
"SYNE2",0,0.675636749707259,0.519,0.274,0,"CD8+ T","SYNE2"
"SPOCK21",0,0.67494982267518,0.551,0.282,0,"CD8+ T","SPOCK2"
"PTPRCAP1",0,0.674073293608696,0.827,0.501,0,"CD8+ T","PTPRCAP"
"LITAF",0,0.609841455919264,0.752,0.524,0,"CD8+ T","LITAF"
"RARRES3",0,0.602658727288358,0.713,0.485,0,"CD8+ T","RARRES3"
"IL7R1",0,0.5982535190964,0.558,0.314,0,"CD8+ T","IL7R"
"PAXX",0,0.582229373539076,0.608,0.41,0,"CD8+ T","PAXX"
"PPP2R5C",0,0.58003392906949,0.523,0.346,0,"CD8+ T","PPP2R5C"
"C12orf571",0,0.578940877112038,0.76,0.507,0,"CD8+ T","C12orf57"
"ZAP70",0,0.572112582081791,0.558,0.288,0,"CD8+ T","ZAP70"
"HCST",0,0.556708466200182,0.91,0.731,0,"CD8+ T","HCST"
"CXCR41",0,0.548908178413428,0.587,0.418,0,"CD8+ T","CXCR4"
"LAT1",0,0.538927810709424,0.543,0.296,0,"CD8+ T","LAT"
"PARP8",0,0.526614989158828,0.778,0.6,0,"CD8+ T","PARP8"
"ARL4C",0,0.51744416555456,0.509,0.313,0,"CD8+ T","ARL4C"
"YWHAQ",0,0.508126780012149,0.531,0.395,0,"CD8+ T","YWHAQ"
"CALM1",0,0.507619508693995,0.941,0.858,0,"CD8+ T","CALM1"
"CD99",0,0.507344424361234,0.794,0.68,0,"CD8+ T","CD99"
"HLA-DRA1",0,3.25149688461812,0.998,0.422,0,"mDC","HLA-DRA"
"HLA-DQB11",0,3.09761426674305,0.971,0.255,0,"mDC","HLA-DQB1"
"HLA-DPA11",0,3.06520656792926,0.993,0.543,0,"mDC","HLA-DPA1"
"HLA-DQA11",0,2.93679667930834,0.862,0.134,0,"mDC","HLA-DQA1"
"HLA-DPB11",0,2.86699496676222,0.99,0.503,0,"mDC","HLA-DPB1"
"HLA-DRB51",0,2.84282174165051,0.964,0.418,0,"mDC","HLA-DRB5"
"CD741",0,2.79154832765964,1,0.872,0,"mDC","CD74"
"CST3",0,2.75835127845677,0.998,0.332,0,"mDC","CST3"
"HLA-DRB11",0,2.75487781688266,0.983,0.398,0,"mDC","HLA-DRB1"
"FCER1A",0,2.75450487997034,0.705,0.003,0,"mDC","FCER1A"
"CLEC10A",0,2.50644953921387,0.751,0.02,0,"mDC","CLEC10A"
"HLA-DQA21",0,2.37900955742679,0.665,0.121,0,"mDC","HLA-DQA2"
"NAPSA",0,2.3401667129573,0.889,0.132,0,"mDC","NAPSA"
"CD1C",0,2.30292869094679,0.691,0.018,0,"mDC","CD1C"
"CPVL",0,2.10753158620054,0.898,0.164,0,"mDC","CPVL"
"HLA-DMA1",0,2.07605567737766,0.95,0.272,0,"mDC","HLA-DMA"
"LYZ",0,2.06146267538435,0.993,0.312,0,"mDC","LYZ"
"LGALS2",0,1.55233933821263,0.869,0.158,0,"mDC","LGALS2"
"ANXA2",0,1.51911727892141,0.957,0.465,0,"mDC","ANXA2"
"SAMHD1",0,1.44246859565713,0.961,0.503,0,"mDC","SAMHD1"
"HLA-DMB1",0,1.40438154575578,0.87,0.174,0,"mDC","HLA-DMB"
"GRN",0,1.39241679090742,0.956,0.311,0,"mDC","GRN"
"CFP",0,1.3688799846478,0.894,0.224,0,"mDC","CFP"
"S100A10",0,1.36768490102637,0.987,0.779,0,"mDC","S100A10"
"GSN",0,1.35988832363867,0.802,0.108,0,"mDC","GSN"
"TUBA1B",0,1.32975484620509,0.906,0.425,0,"mDC","TUBA1B"
"GSTP1",0,1.32054462035214,0.976,0.641,0,"mDC","GSTP1"
"CAPG",0,1.29783866020968,0.873,0.247,0,"mDC","CAPG"
"CTSH",0,1.28946383233323,0.857,0.209,0,"mDC","CTSH"
"VIM",0,1.28572010821093,0.991,0.804,0,"mDC","VIM"
"COTL1",0,1.28344445581646,0.967,0.525,0,"mDC","COTL1"
"PLD4",0,1.25532932400159,0.65,0.037,0,"mDC","PLD4"
"SPI1",0,1.2343949424932,0.944,0.266,0,"mDC","SPI1"
"JAML",0,1.20665591762844,0.846,0.222,0,"mDC","JAML"
"FOS",0,1.1650914093875,0.965,0.496,0,"mDC","FOS"
"ALDH2",0,1.16075076864654,0.795,0.159,0,"mDC","ALDH2"
"ANXA5",0,1.15111189371056,0.941,0.386,0,"mDC","ANXA5"
"LY86",0,1.14720202991803,0.85,0.176,0,"mDC","LY86"
"GAPDH",0,1.12845270631795,0.998,0.933,0,"mDC","GAPDH"
"FCGRT",0,1.12116364429926,0.909,0.275,0,"mDC","FCGRT"
"C1orf162",0,1.1039716828876,0.929,0.38,0,"mDC","C1orf162"
"RNF130",0,1.09338183636002,0.839,0.256,0,"mDC","RNF130"
"LGALS1",0,1.08917528322484,0.976,0.547,0,"mDC","LGALS1"
"MS4A6A",0,1.07548056815612,0.611,0.229,0,"mDC","MS4A6A"
"CD33",0,1.07225928301448,0.74,0.108,0,"mDC","CD33"
"CTSZ",0,1.07152672116404,0.795,0.19,0,"mDC","CTSZ"
"H2AFY",0,1.06041151524547,0.894,0.322,0,"mDC","H2AFY"
"AP1S2",0,1.06030397959666,0.881,0.304,0,"mDC","AP1S2"
"IGSF6",0,1.0536419663976,0.764,0.158,0,"mDC","IGSF6"
"ZNF385A",0,1.0533349830548,0.779,0.134,0,"mDC","ZNF385A"
"SLC25A5",0,1.04319521074222,0.953,0.587,0,"mDC","SLC25A5"
"FCER1G",0,1.02757961948076,0.979,0.375,0,"mDC","FCER1G"
"CCDC88A",0,1.02060198419682,0.733,0.154,0,"mDC","CCDC88A"
"ACTB",0,1.01722920034517,1,0.996,0,"mDC","ACTB"
"RNH1",0,1.00694234264205,0.906,0.373,0,"mDC","RNH1"
"CDKN1A",0,1.00197518215127,0.506,0.111,0,"mDC","CDKN1A"
"NME2",0,0.999077006494013,0.939,0.583,0,"mDC","NME2"
"CD86",0,0.989376949065837,0.706,0.106,0,"mDC","CD86"
"ID2",0,0.982514976285461,0.725,0.319,0,"mDC","ID2"
"SYNGR21",0,0.982355347274187,0.873,0.384,0,"mDC","SYNGR2"
"CSTA",0,0.969227882893767,0.842,0.223,0,"mDC","CSTA"
"PAK1",0,0.961076272330806,0.74,0.14,0,"mDC","PAK1"
"LGALS3",0,0.960127349410008,0.89,0.283,0,"mDC","LGALS3"
"ACTG1",0,0.956133224194534,0.997,0.928,0,"mDC","ACTG1"
"TIMP1",0,0.955532682956427,0.904,0.356,0,"mDC","TIMP1"
"RNASE6",0,0.946876080549585,0.698,0.129,0,"mDC","RNASE6"
"GDI2",0,0.943608297346483,0.914,0.466,0,"mDC","GDI2"
"GABARAP",0,0.924807791839608,0.986,0.788,0,"mDC","GABARAP"
"RAB31",0,0.923776801485098,0.785,0.177,0,"mDC","RAB31"
"CLEC4A",0,0.92135835702373,0.692,0.112,0,"mDC","CLEC4A"
"PRCP",0,0.917693475716556,0.725,0.162,0,"mDC","PRCP"
"C20orf27",0,0.90837858549769,0.774,0.218,0,"mDC","C20orf27"
"CIITA",0,0.894846997280841,0.591,0.089,0,"mDC","CIITA"
"AP2S1",0,0.892984892028066,0.933,0.427,0,"mDC","AP2S1"
"CD1D",0,0.889826395434849,0.587,0.074,0,"mDC","CD1D"
"TMEM14C",0,0.887398002517246,0.737,0.185,0,"mDC","TMEM14C"
"SPINT2",0,0.88608648556279,0.712,0.153,0,"mDC","SPINT2"
"CSTB",0,0.870263452882229,0.929,0.492,0,"mDC","CSTB"
"PPA1",0,0.867698402346575,0.784,0.265,0,"mDC","PPA1"
"CRTAP",0,0.856937873334051,0.803,0.255,0,"mDC","CRTAP"
"PEA15",0,0.85655911760849,0.617,0.105,0,"mDC","PEA15"
"FGL2",0,0.852943857478233,0.839,0.237,0,"mDC","FGL2"
"LGALS9",0,0.852643331257648,0.814,0.245,0,"mDC","LGALS9"
"PLAUR",0,0.8409641058171,0.588,0.139,0,"mDC","PLAUR"
"GLIPR1",0,0.821382328008907,0.882,0.352,0,"mDC","GLIPR1"
"LSP1",0,0.819768955499917,0.976,0.818,0,"mDC","LSP1"
"ATP5F1B",0,0.806832763336486,0.927,0.559,0,"mDC","ATP5F1B"
"ARPC1B",0,0.805699006242313,0.957,0.63,0,"mDC","ARPC1B"
"PPT1",0,0.803579978184817,0.82,0.269,0,"mDC","PPT1"
"FKBP1A",0,0.774305811110745,0.927,0.492,0,"mDC","FKBP1A"
"YBX1",0,0.766636729018963,0.977,0.772,0,"mDC","YBX1"
"IL13RA1",0,0.766159241109171,0.521,0.06,0,"mDC","IL13RA1"
"KLF10",0,0.765593288498658,0.696,0.178,0,"mDC","KLF10"
"TPI1",0,0.760375101607274,0.955,0.64,0,"mDC","TPI1"
"CAT",0,0.759330211713971,0.719,0.199,0,"mDC","CAT"
"FABP5",0,0.757802821325993,0.519,0.081,0,"mDC","FABP5"
"SYK",0,0.751398663478549,0.778,0.214,0,"mDC","SYK"
"TAGLN2",0,0.748146157292568,0.972,0.776,0,"mDC","TAGLN2"
"LILRB4",0,0.744661892026771,0.565,0.093,0,"mDC","LILRB4"
"TGFBI",0,0.739098813871198,0.63,0.139,0,"mDC","TGFBI"
"YIF1B",0,0.738630143844402,0.675,0.154,0,"mDC","YIF1B"
"PRDX3",0,0.737371661447438,0.718,0.181,0,"mDC","PRDX3"
"LAP3",0,0.736464344420131,0.706,0.219,0,"mDC","LAP3"
"ANXA1",0,0.73324699432648,0.949,0.626,0,"mDC","ANXA1"
"ARF5",0,0.729443569467195,0.895,0.503,0,"mDC","ARF5"
"FTH1",0,0.721190953042546,0.999,0.98,0,"mDC","FTH1"
"BID",0,0.712272732537252,0.714,0.2,0,"mDC","BID"
"SLC25A6",0,0.711984211832469,0.977,0.818,0,"mDC","SLC25A6"
"MNDA",0,0.711446593165381,0.864,0.244,0,"mDC","MNDA"
"PRELID1",0,0.699475458470719,0.853,0.49,0,"mDC","PRELID1"
"SNX31",0,0.696628329348335,0.806,0.407,0,"mDC","SNX3"
"MEF2C1",0,0.693231960206443,0.697,0.162,0,"mDC","MEF2C"
"SLC25A3",0,0.689944042869716,0.933,0.619,0,"mDC","SLC25A3"
"SEMA4A",0,0.687310086327864,0.52,0.067,0,"mDC","SEMA4A"
"CPPED1",0,0.682616180846076,0.688,0.163,0,"mDC","CPPED1"
"NCF2",0,0.680805016318335,0.768,0.204,0,"mDC","NCF2"
"COX5A",0,0.675526908526373,0.86,0.481,0,"mDC","COX5A"
"AIF1",0,0.674536573213208,0.966,0.354,0,"mDC","AIF1"
"DDIT4",0,0.674385076946417,0.63,0.3,0,"mDC","DDIT4"
"EIF3L",0,0.672185967433787,0.912,0.608,0,"mDC","EIF3L"
"PLXDC2",0,0.671577253597402,0.598,0.133,0,"mDC","PLXDC2"
"CD300C",0,0.669101772508302,0.508,0.075,0,"mDC","CD300C"
"ARPC3",0,0.667308063052176,0.985,0.858,0,"mDC","ARPC3"
"PARVG",0,0.666867666760527,0.782,0.265,0,"mDC","PARVG"
"TXN",0,0.666158948211449,0.846,0.408,0,"mDC","TXN"
"BHLHE40",0,0.664934409152603,0.51,0.197,0,"mDC","BHLHE40"
"CNPY3",0,0.659999104886468,0.899,0.449,0,"mDC","CNPY3"
"CSF2RA",0,0.659443600943731,0.519,0.082,0,"mDC","CSF2RA"
"IFITM3",0,0.657769804048844,0.808,0.44,0,"mDC","IFITM3"
"CASP1",0,0.657511876398434,0.792,0.312,0,"mDC","CASP1"
"CEBPD",0,0.657494853675832,0.677,0.217,0,"mDC","CEBPD"
"KLF4",0,0.655680520372069,0.57,0.122,0,"mDC","KLF4"
"PYCARD",0,0.654113319786231,0.854,0.352,0,"mDC","PYCARD"
"MGST2",0,0.65086287170704,0.532,0.071,0,"mDC","MGST2"
"PGLS",0,0.648944209176429,0.808,0.369,0,"mDC","PGLS"
"MAN2B1",0,0.648603174281454,0.684,0.211,0,"mDC","MAN2B1"
"PKM",0,0.644962896382054,0.937,0.595,0,"mDC","PKM"
"ALDOA",0,0.644240384235871,0.946,0.634,0,"mDC","ALDOA"
"ATG3",0,0.639425698800182,0.773,0.268,0,"mDC","ATG3"
"ENO1",0,0.638310487955952,0.94,0.614,0,"mDC","ENO1"
"RAC1",0,0.637511155486426,0.87,0.467,0,"mDC","RAC1"
"PTPRE",0,0.637472703706973,0.727,0.246,0,"mDC","PTPRE"
"MAT2A",0,0.63684992759076,0.536,0.146,0,"mDC","MAT2A"
"ZYX",0,0.633525749103306,0.89,0.491,0,"mDC","ZYX"
"PTRHD1",0,0.631428879186186,0.734,0.234,0,"mDC","PTRHD1"
"ATP5MC3",0,0.629556000533121,0.918,0.577,0,"mDC","ATP5MC3"
"CD302",0,0.629113787073633,0.611,0.126,0,"mDC","CD302"
"ATP6V0B",0,0.626079456306421,0.891,0.429,0,"mDC","ATP6V0B"
"CSF1R",0,0.62571771834298,0.515,0.104,0,"mDC","CSF1R"
"KCNK6",0,0.625082362179275,0.502,0.081,0,"mDC","KCNK6"
"RAB32",0,0.624092504936792,0.551,0.11,0,"mDC","RAB32"
"LST1",0,0.620851485736228,0.942,0.303,0,"mDC","LST1"
"YWHAE",0,0.620641840045533,0.756,0.252,0,"mDC","YWHAE"
"HEXB",0,0.620546693005107,0.661,0.194,0,"mDC","HEXB"
"TNFSF13",0,0.619955820719821,0.53,0.101,0,"mDC","TNFSF13"
"GADD45B",0,0.615191314754635,0.653,0.292,0,"mDC","GADD45B"
"CALHM6",0,0.614798599931653,0.606,0.163,0,"mDC","CALHM6"
"NRROS",0,0.613899786451837,0.553,0.118,0,"mDC","NRROS"
"TYMP",0,0.613791215500449,0.898,0.345,0,"mDC","TYMP"
"NPC2",0,0.612324847817264,0.905,0.417,0,"mDC","NPC2"
"GNG5",0,0.611548275649836,0.935,0.57,0,"mDC","GNG5"
"HMGA1",0,0.609596560080588,0.653,0.202,0,"mDC","HMGA1"
"ITGAX",0,0.604403624696913,0.574,0.138,0,"mDC","ITGAX"
"TSPO",0,0.602446505008935,0.928,0.56,0,"mDC","TSPO"
"CALM2",0,0.601965809287833,0.927,0.644,0,"mDC","CALM2"
"MAP3K8",0,0.596386142307765,0.62,0.242,0,"mDC","MAP3K8"
"ATP5MF",0,0.595585551934883,0.925,0.549,0,"mDC","ATP5MF"
"MFSD1",0,0.58837475378374,0.68,0.179,0,"mDC","MFSD1"
"ATP5PB",0,0.585611324949477,0.897,0.477,0,"mDC","ATP5PB"
"ATP5F1C",0,0.585528464310339,0.877,0.433,0,"mDC","ATP5F1C"
"CD36",0,0.583577729004201,0.576,0.155,0,"mDC","CD36"
"FES",0,0.578534596476211,0.577,0.109,0,"mDC","FES"
"ETV6",0,0.577550828568609,0.532,0.112,0,"mDC","ETV6"
"LAMTOR2",0,0.574480416977754,0.76,0.277,0,"mDC","LAMTOR2"
"ADAM15",0,0.567402846994361,0.521,0.106,0,"mDC","ADAM15"
"TALDO1",0,0.562817050016274,0.916,0.451,0,"mDC","TALDO1"
"MYD88",0,0.561829082877219,0.66,0.208,0,"mDC","MYD88"
"RNASET2",0,0.560957223188558,0.876,0.502,0,"mDC","RNASET2"
"RASSF4",0,0.559236741204019,0.568,0.126,0,"mDC","RASSF4"
"PSAP",0,0.558697336233898,0.982,0.624,0,"mDC","PSAP"
"PLBD1",0,0.557488736392635,0.682,0.158,0,"mDC","PLBD1"
"CTSB",0,0.556950816770337,0.804,0.31,0,"mDC","CTSB"
"EIF4EBP1",0,0.553904662652072,0.606,0.155,0,"mDC","EIF4EBP1"
"VDAC1",0,0.549686905340959,0.715,0.262,0,"mDC","VDAC1"
"CLIC1",0,0.547713010411289,0.976,0.729,0,"mDC","CLIC1"
"BLVRB",0,0.545944180796771,0.761,0.241,0,"mDC","BLVRB"
"VAMP8",0,0.545851692386791,0.929,0.574,0,"mDC","VAMP8"
"S100A6",0,0.544370760819099,0.992,0.884,0,"mDC","S100A6"
"BRK1",0,0.541477403950364,0.916,0.553,0,"mDC","BRK1"
"IRF5",0,0.53709284068518,0.518,0.101,0,"mDC","IRF5"
"HCK",0,0.536393415554548,0.721,0.187,0,"mDC","HCK"
"TKT",0,0.535664224256807,0.917,0.465,0,"mDC","TKT"
"DUSP23",0,0.534250575536832,0.6,0.162,0,"mDC","DUSP23"
"S100A11",0,0.533202584094771,0.971,0.562,0,"mDC","S100A11"
"NDUFB5",0,0.531919726473856,0.722,0.259,0,"mDC","NDUFB5"
"RHOG",0,0.53008453814941,0.916,0.526,0,"mDC","RHOG"
"PILRA",0,0.530074439000769,0.613,0.156,0,"mDC","PILRA"
"LTBR",0,0.52838447366036,0.504,0.093,0,"mDC","LTBR"
"APEX1",0,0.525487740102913,0.763,0.31,0,"mDC","APEX1"
"DECR1",0,0.516889002324824,0.717,0.259,0,"mDC","DECR1"
"OSTC",0,0.516553356634496,0.751,0.285,0,"mDC","OSTC"
"ATP5MC2",0,0.512005256721298,0.981,0.898,0,"mDC","ATP5MC2"
"PLSCR1",0,0.510396745026814,0.636,0.197,0,"mDC","PLSCR1"
"HACD4",0,0.509907424400992,0.737,0.264,0,"mDC","HACD4"
"PPIA",0,0.508714785155672,0.989,0.928,0,"mDC","PPIA"
"ZFP36",8.14118301543806e-242,0.753175214612749,0.936,0.667,2.27082017849614e-237,"mDC","ZFP36"
"PPBP",0,7.24370695059678,0.961,0.09,0,"Mega","PPBP"
"TUBB1",0,6.00036616114244,0.92,0.021,0,"Mega","TUBB1"
"PF4",0,5.72870534258976,0.883,0.039,0,"Mega","PF4"
"CAVIN2",0,5.62070036560026,0.932,0.034,0,"Mega","CAVIN2"
"ACRBP",0,5.52853384579476,0.883,0.025,0,"Mega","ACRBP"
"HIST1H2AC",0,5.50912941824314,0.921,0.109,0,"Mega","HIST1H2AC"
"RGS18",0,5.24515964815879,0.881,0.091,0,"Mega","RGS18"
"GP9",0,5.19696048360761,0.854,0.009,0,"Mega","GP9"
"MPIG6B",0,5.03347621443279,0.857,0.016,0,"Mega","MPIG6B"
"TSC22D1",0,4.99665985750845,0.789,0.027,0,"Mega","TSC22D1"
"SPARC",0,4.97352333452936,0.883,0.03,0,"Mega","SPARC"
"HIST1H3H",0,4.91878055651644,0.757,0.027,0,"Mega","HIST1H3H"
"GNG11",0,4.76883862837436,0.891,0.023,0,"Mega","GNG11"
"TMEM40",0,4.6192542354186,0.803,0.008,0,"Mega","TMEM40"
"CLU",0,4.52263081791406,0.801,0.059,0,"Mega","CLU"
"PTCRA",0,4.39170503308421,0.764,0.005,0,"Mega","PTCRA"
"MYL9",0,4.31203298463177,0.65,0.02,0,"Mega","MYL9"
"CMTM5",0,4.25138603434898,0.794,0.005,0,"Mega","CMTM5"
"NRGN",0,4.16266591121619,0.887,0.113,0,"Mega","NRGN"
"MMD",0,4.15296713454615,0.773,0.046,0,"Mega","MMD"
"TUBA4A",0,4.11157986197078,0.878,0.277,0,"Mega","TUBA4A"
"LIMS1",0,4.10598939753954,0.859,0.205,0,"Mega","LIMS1"
"F13A1",0,4.07941565959063,0.809,0.075,0,"Mega","F13A1"
"MPP1",0,4.06467118551151,0.807,0.119,0,"Mega","MPP1"
"TRIM58",0,4.06256349981128,0.707,0.014,0,"Mega","TRIM58"
"ESAM",0,4.00650101673456,0.713,0.007,0,"Mega","ESAM"
"HIST1H2BJ",0,3.96891201609656,0.698,0.016,0,"Mega","HIST1H2BJ"
"RUFY1",0,3.96089107038927,0.761,0.077,0,"Mega","RUFY1"
"GRAP2",0,3.91642915465813,0.852,0.135,0,"Mega","GRAP2"
"NT5C3A",0,3.90098789962679,0.787,0.198,0,"Mega","NT5C3A"
"MAP3K7CL",0,3.88100786565363,0.754,0.058,0,"Mega","MAP3K7CL"
"PTGS1",0,3.87187037382684,0.783,0.03,0,"Mega","PTGS1"
"TPM4",0,3.80456774296637,0.836,0.276,0,"Mega","TPM4"
"YWHAH",0,3.79488367194599,0.76,0.168,0,"Mega","YWHAH"
"TREML1",0,3.77852553121951,0.693,0.009,0,"Mega","TREML1"
"CLEC1B",0,3.75375987995052,0.662,0.019,0,"Mega","CLEC1B"
"C2orf88",0,3.7110993962928,0.725,0.012,0,"Mega","C2orf88"
"CTSA",0,3.70995839798048,0.847,0.253,0,"Mega","CTSA"
"MAX",0,3.69774338428263,0.884,0.318,0,"Mega","MAX"
"RGS10",0,3.687431038085,0.92,0.431,0,"Mega","RGS10"
"PGRMC1",0,3.64579055973308,0.794,0.083,0,"Mega","PGRMC1"
"ITGA2B",0,3.60924554729912,0.677,0.008,0,"Mega","ITGA2B"
"VCL",0,3.60442230377118,0.743,0.153,0,"Mega","VCL"
"AP003068.2",0,3.59703735658445,0.716,0.017,0,"Mega","AP003068.2"
"RAP1B",0,3.59307036887529,0.919,0.596,0,"Mega","RAP1B"
"CA2",0,3.41657710643266,0.623,0.019,0,"Mega","CA2"
"PDLIM1",0,3.41594811452398,0.746,0.076,0,"Mega","PDLIM1"
"TMEM140",0,3.37513935827462,0.608,0.049,0,"Mega","TMEM140"
"NFE2",0,3.34426681572148,0.595,0.082,0,"Mega","NFE2"
"RAB11A",0,3.31781496864404,0.781,0.266,0,"Mega","RAB11A"
"ODC1",0,3.31131435461326,0.713,0.133,0,"Mega","ODC1"
"NCOA4",0,3.30084535610793,0.77,0.278,0,"Mega","NCOA4"
"GP1BA",0,3.29583771836154,0.572,0.003,0,"Mega","GP1BA"
"DAB2",0,3.28910107265152,0.598,0.031,0,"Mega","DAB2"
"GSTO1",0,3.28609524699573,0.764,0.294,0,"Mega","GSTO1"
"BEX3",0,3.28173556733355,0.721,0.083,0,"Mega","BEX3"
"RAB27B",0,3.27542454986743,0.611,0.034,0,"Mega","RAB27B"
"RSU1",0,3.23222474122342,0.792,0.23,0,"Mega","RSU1"
"FAM110A",0,3.22270057681508,0.562,0.111,0,"Mega","FAM110A"
"SMOX",0,3.22170596986703,0.621,0.008,0,"Mega","SMOX"
"ILK",0,3.16066454985066,0.724,0.193,0,"Mega","ILK"
"PTPN18",0,3.13485873943497,0.748,0.226,0,"Mega","PTPN18"
"DMTN",0,3.11588991171844,0.631,0.011,0,"Mega","DMTN"
"NEXN",0,3.09531006731254,0.554,0.03,0,"Mega","NEXN"
"MYLK",0,3.06793091747339,0.639,0.015,0,"Mega","MYLK"
"FERMT3",0,3.05151881061692,0.784,0.355,0,"Mega","FERMT3"
"TAGLN21",0,3.04757301199207,0.984,0.776,0,"Mega","TAGLN2"
"SMIM3",0,3.0435443511304,0.637,0.056,0,"Mega","SMIM3"
"PRKAR2B",0,3.00223422216519,0.614,0.018,0,"Mega","PRKAR2B"
"GMPR",0,2.97442117660018,0.622,0.018,0,"Mega","GMPR"
"CDKN1A1",0,2.97330747822494,0.66,0.111,0,"Mega","CDKN1A"
"GUCY1B1",0,2.9717576142317,0.59,0.012,0,"Mega","GUCY1B1"
"TLN1",0,2.95197945773868,0.786,0.413,0,"Mega","TLN1"
"SLC40A1",0,2.92201245480976,0.58,0.058,0,"Mega","SLC40A1"
"EIF2AK1",0,2.89437817858696,0.687,0.175,0,"Mega","EIF2AK1"
"ETFA",0,2.88100204101891,0.695,0.195,0,"Mega","ETFA"
"PARVB",0,2.87828685415658,0.52,0.102,0,"Mega","PARVB"
"GFI1B",0,2.87742931696426,0.536,0.007,0,"Mega","GFI1B"
"STOM",0,2.86080955891309,0.707,0.188,0,"Mega","STOM"
"PLA2G12A",0,2.85883188100304,0.64,0.056,0,"Mega","PLA2G12A"
"MARCH2",0,2.85643538646716,0.645,0.078,0,"Mega","MARCH2"
"AC147651.1",0,2.84163233436868,0.59,0.005,0,"Mega","AC147651.1"
"TNS1",0,2.81928890603843,0.562,0.012,0,"Mega","TNS1"
"SNCA",0,2.8189998733791,0.581,0.026,0,"Mega","SNCA"
"NAP1L1",0,2.80151710236497,0.88,0.496,0,"Mega","NAP1L1"
"CNST",0,2.78797839941261,0.553,0.175,0,"Mega","CNST"
"ACTN1",0,2.75058494157227,0.674,0.153,0,"Mega","ACTN1"
"LMNA",0,2.74907594658807,0.599,0.077,0,"Mega","LMNA"
"LINC00989",0,2.7411898745365,0.572,0.006,0,"Mega","LINC00989"
"DAPP1",0,2.73966168678228,0.62,0.101,0,"Mega","DAPP1"
"KIF2A",0,2.72757312729213,0.753,0.269,0,"Mega","KIF2A"
"CMIP",0,2.71874093125409,0.62,0.13,0,"Mega","CMIP"
"XPNPEP1",0,2.6955513776904,0.568,0.093,0,"Mega","XPNPEP1"
"RNF11",0,2.68239384368013,0.612,0.141,0,"Mega","RNF11"
"OAZ1",0,2.68144157444188,0.958,0.873,0,"Mega","OAZ1"
"TUBA8",0,2.66770844293093,0.547,0.002,0,"Mega","TUBA8"
"FAXDC2",0,2.65344954564513,0.506,0.006,0,"Mega","FAXDC2"
"TUBA1C",0,2.63305138284447,0.6,0.177,0,"Mega","TUBA1C"
"CALM3",0,2.62575754814104,0.859,0.501,0,"Mega","CALM3"
"TMBIM1",0,2.62310210063278,0.671,0.201,0,"Mega","TMBIM1"
"MFSD11",0,2.60763817423618,0.683,0.18,0,"Mega","MFSD1"
"CTTN",0,2.5986276599411,0.55,0.011,0,"Mega","CTTN"
"ARHGAP18",0,2.59047173543967,0.582,0.061,0,"Mega","ARHGAP18"
"SH3BGRL2",0,2.56509930703143,0.54,0.007,0,"Mega","SH3BGRL2"
"ADIPOR1",0,2.55622448763127,0.707,0.238,0,"Mega","ADIPOR1"
"TPM1",0,2.54652316535266,0.547,0.045,0,"Mega","TPM1"
"HIST2H2AA4",0,2.54162150794068,0.501,0.112,0,"Mega","HIST2H2AA4"
"SNAP23",0,2.53243318537624,0.674,0.206,0,"Mega","SNAP23"
"RAB321",0,2.52081937096026,0.537,0.112,0,"Mega","RAB32"
"OST4",0,2.50978450376777,0.948,0.787,0,"Mega","OST4"
"R3HDM4",0,2.4882578488475,0.675,0.245,0,"Mega","R3HDM4"
"H3F3A",0,2.43488239405618,0.981,0.917,0,"Mega","H3F3A"
"TPST2",0,2.42817572876018,0.692,0.255,0,"Mega","TPST2"
"CARD19",0,2.42258681582817,0.566,0.134,0,"Mega","CARD19"
"ICAM2",0,2.41502089561494,0.629,0.269,0,"Mega","ICAM2"
"WBP2",0,2.40365662126758,0.69,0.257,0,"Mega","WBP2"
"H2AFJ",0,2.40352411588977,0.597,0.25,0,"Mega","H2AFJ"
"GPX4",0,2.37974550129946,0.861,0.577,0,"Mega","GPX4"
"NORAD",0,2.36086486560708,0.598,0.219,0,"Mega","NORAD"
"RASGRP2",0,2.35335841931711,0.707,0.367,0,"Mega","RASGRP2"
"WDR1",0,2.29247209716421,0.798,0.441,0,"Mega","WDR1"
"AKIRIN2",0,2.28376303568495,0.598,0.249,0,"Mega","AKIRIN2"
"CAPZA2",0,2.2796852940193,0.677,0.299,0,"Mega","CAPZA2"
"RDH11",0,2.26656041729557,0.533,0.127,0,"Mega","RDH11"
"PRDX6",0,2.26446763600156,0.768,0.416,0,"Mega","PRDX6"
"DNAJB6",0,2.26256693227787,0.669,0.329,0,"Mega","DNAJB6"
"RIOK3",0,2.25962532845218,0.621,0.262,0,"Mega","RIOK3"
"CCND3",0,2.22900051915876,0.834,0.605,0,"Mega","CCND3"
"TIMP11",0,2.22354134725645,0.762,0.359,0,"Mega","TIMP1"
"HIST1H1C",0,2.21581589591072,0.509,0.169,0,"Mega","HIST1H1C"
"ANO6",0,2.20349512234908,0.529,0.128,0,"Mega","ANO6"
"ZYX1",0,2.20007400863308,0.762,0.493,0,"Mega","ZYX"
"RIPOR2",0,2.17917042366089,0.75,0.546,0,"Mega","RIPOR2"
"NDUFA6",0,2.17390938860297,0.671,0.373,0,"Mega","NDUFA6"
"LAMTOR1",0,2.1699412947057,0.8,0.467,0,"Mega","LAMTOR1"
"CD226",0,2.15911811814577,0.504,0.088,0,"Mega","CD226"
"MYL12A",0,2.13346212390318,0.982,0.901,0,"Mega","MYL12A"
"YWHAZ",0,2.1286954741331,0.944,0.8,0,"Mega","YWHAZ"
"LAT2",0,2.12484927683626,0.724,0.349,0,"Mega","LAT"
"ITM2B",0,2.10334517489591,0.962,0.864,0,"Mega","ITM2B"
"LDLRAP1",0,2.09856906235784,0.547,0.156,0,"Mega","LDLRAP1"
"PDCD10",0,2.0820697433892,0.533,0.208,0,"Mega","PDCD10"
"SLA2",0,2.07764209419884,0.518,0.115,0,"Mega","SLA2"
"RBX1",0,2.0503805049759,0.694,0.409,0,"Mega","RBX1"
"TLK1",0,2.00219467741223,0.514,0.168,0,"Mega","TLK1"
"DYNLL1",0,1.99211469605681,0.704,0.367,0,"Mega","DYNLL1"
"LEPROT",0,1.99190752721958,0.525,0.146,0,"Mega","LEPROT"
"PKM1",0,1.97929003096265,0.788,0.598,0,"Mega","PKM"
"VDAC3",0,1.9737397229395,0.591,0.245,0,"Mega","VDAC3"
"ARF1",0,1.95139401156173,0.834,0.644,0,"Mega","ARF1"
"CAPN1",0,1.94539773045137,0.545,0.203,0,"Mega","CAPN1"
"MIR4435-2HG",0,1.9305504674524,0.502,0.13,0,"Mega","MIR4435-2HG"
"CDKN2D",0,1.92049010951623,0.582,0.264,0,"Mega","CDKN2D"
"NUTF2",0,1.91696715594409,0.562,0.263,0,"Mega","NUTF2"
"ASAH1",0,1.88259756044901,0.642,0.349,0,"Mega","ASAH1"
"TGFB1",0,1.87760855119766,0.729,0.44,0,"Mega","TGFB1"
"HACD41",0,1.85226676693295,0.577,0.267,0,"Mega","HACD4"
"MTPN",0,1.84210408346074,0.652,0.387,0,"Mega","MTPN"
"BIN2",0,1.83877595157841,0.799,0.557,0,"Mega","BIN2"
"EMC3",0,1.83588897432716,0.555,0.246,0,"Mega","EMC3"
"RAB37",0,1.80755395679567,0.51,0.154,0,"Mega","RAB37"
"TALDO11",0,1.8003936083297,0.754,0.453,0,"Mega","TALDO1"
"GLUL",0,1.77296378367064,0.51,0.228,0,"Mega","GLUL"
"SOD2",0,1.76483982122876,0.639,0.32,0,"Mega","SOD2"
"SQSTM1",0,1.76163577798328,0.652,0.436,0,"Mega","SQSTM1"
"CMTM6",0,1.7583679863405,0.595,0.334,0,"Mega","CMTM6"
"MKRN1",0,1.75007604163356,0.54,0.253,0,"Mega","MKRN1"
"CD991",0,1.73235215782389,0.896,0.705,0,"Mega","CD99"
"CAP1",0,1.71259614679914,0.744,0.526,0,"Mega","CAP1"
"RTN3",0,1.70337319604822,0.541,0.235,0,"Mega","RTN3"
"FKBP1A1",0,1.69320883251388,0.751,0.495,0,"Mega","FKBP1A"
"MOB1A",0,1.63677930947769,0.603,0.367,0,"Mega","MOB1A"
"TMEM50A",0,1.60097791807827,0.704,0.476,0,"Mega","TMEM50A"
"YPEL5",0,1.59594435843807,0.629,0.369,0,"Mega","YPEL5"
"SLC44A2",0,1.59579721433655,0.563,0.277,0,"Mega","SLC44A2"
"FTH11",0,1.58905886086008,0.999,0.98,0,"Mega","FTH1"
"RAB8A",0,1.56911118714544,0.519,0.25,0,"Mega","RAB8A"
"ARPC1B1",0,1.53927782944031,0.773,0.632,0,"Mega","ARPC1B"
"MAPRE2",0,1.48360633301037,0.504,0.233,0,"Mega","MAPRE2"
"HLA-E",0,1.48029309208388,0.957,0.959,0,"Mega","HLA-E"
"ARPC5",0,1.45651340360772,0.73,0.546,0,"Mega","ARPC5"
"SRGN",0,1.45400995018263,0.85,0.724,0,"Mega","SRGN"
"SAT1",0,1.44155075020005,0.835,0.599,0,"Mega","SAT1"
"UQCRH",0,1.34432339139599,0.778,0.661,0,"Mega","UQCRH"
"CCL51",0,1.21644894510081,0.916,0.414,0,"Mega","CCL5"
"HMGB1",0,1.14545355714351,0.851,0.807,0,"Mega","HMGB1"
"CMPK1",9.75426643363105e-301,1.33296379878991,0.508,0.26,2.72075753633271e-296,"Mega","CMPK1"
"RAB1B",4.37108716936597e-300,1.59507009978315,0.535,0.3,1.21922734415125e-295,"Mega","RAB1B"
"SH3BGRL3",1.54338034980634e-298,1.36656052570873,0.945,0.954,4.30495080971482e-294,"Mega","SH3BGRL3"
"ITGB1",2.87960327360102e-295,1.32553370578057,0.604,0.358,8.03207741105533e-291,"Mega","ITGB1"
"ACTB1",3.09171036370456e-288,1.36124847998104,0.988,0.996,8.62370771748114e-284,"Mega","ACTB"
"TPM3",4.33914721565035e-281,1.15838671290235,0.838,0.808,1.21031833286135e-276,"Mega","TPM3"
"ARL6IP5",3.47780642672922e-247,1.33315602136959,0.7,0.576,9.70064546607581e-243,"Mega","ARL6IP5"
"BNIP2",4.35100788796829e-236,1.49691720558427,0.51,0.304,1.213626630191e-231,"Mega","BNIP2"
"MT-ND2",2.65704306292287e-232,1.25572071810215,0.924,0.919,7.41129021541077e-228,"Mega","MT-ND2"
"CLIC11",2.61772984808642e-218,1.30339331245491,0.793,0.731,7.30163386526744e-214,"Mega","CLIC1"
"TMSB4X",5.31025545645323e-218,1.12601406011009,0.989,0.997,1.4811895544685e-213,"Mega","TMSB4X"
"NDUFS5",3.52080556696304e-213,1.28896793896507,0.67,0.564,9.82058296793001e-209,"Mega","NDUFS5"
"SUPT4H1",7.51715928731484e-211,1.39647688299015,0.531,0.347,2.09676124001073e-206,"Mega","SUPT4H1"
"GNAS",1.76045406383531e-208,1.32715831039158,0.593,0.431,4.91043452025584e-204,"Mega","GNAS"
"PLEK",5.53212532498732e-208,1.57010301300809,0.578,0.396,1.54307571689871e-203,"Mega","PLEK"
"SLC2A3",7.57368205230545e-200,1.59001898291408,0.515,0.324,2.11252713484956e-195,"Mega","SLC2A3"
"MYH9",4.13226087558951e-199,1.40242787341973,0.7,0.615,1.15261152602818e-194,"Mega","MYH9"
"DOK2",2.72599501818935e-194,1.24956471260183,0.548,0.366,7.60361790423557e-190,"Mega","DOK2"
"SERPINB1",4.27100780446991e-194,1.20560744214487,0.618,0.462,1.19131220690079e-189,"Mega","SERPINB1"
"ELF1",1.90839261900904e-193,1.96467779430554,0.564,0.421,5.3230795322019e-189,"Mega","ELF1"
"C9orf16",7.1276038887049e-184,1.19851210444028,0.64,0.531,1.98810255267646e-179,"Mega","C9orf16"
"GABARAPL2",5.51168796184226e-183,1.1772002921483,0.557,0.403,1.53737512319666e-178,"Mega","GABARAPL2"
"PAIP2",1.66967072971714e-180,1.29367986776522,0.592,0.461,4.65721256640001e-176,"Mega","PAIP2"
"PPDPF",2.27747758555568e-179,1.09092234994113,0.766,0.726,6.35256822939044e-175,"Mega","PPDPF"
"VAPA",2.00641672802604e-178,1.35605357154338,0.562,0.424,5.59649817948304e-174,"Mega","VAPA"
"WIPF1",8.9482408479454e-174,1.12743482709706,0.615,0.476,2.49593281971741e-169,"Mega","WIPF1"
"MBNL1",1.3884643590897e-173,1.23488765689349,0.701,0.652,3.8728436368089e-169,"Mega","MBNL1"
"NAA38",2.33615887115313e-168,1.36441792484584,0.516,0.361,6.51624793930743e-164,"Mega","NAA38"
"CCDC85B",5.36218125284796e-167,1.30129824657806,0.564,0.425,1.49567321685688e-162,"Mega","CCDC85B"
"MSN",2.46512746662495e-163,0.959922647415167,0.701,0.604,6.87598004265697e-159,"Mega","MSN"
"STXBP2",1.07190214077682e-154,0.89312169949206,0.537,0.34,2.98985664126877e-150,"Mega","STXBP2"
"ARHGDIB",1.7572115665336e-154,0.649508080594031,0.903,0.94,4.90139022253218e-150,"Mega","ARHGDIB"
"MYL6",1.1640059446516e-153,1.41385235716382,0.87,0.909,3.24676178141672e-149,"Mega","MYL6"
"ALDOA1",6.85348361021832e-149,0.840148406862277,0.727,0.637,1.9116421833982e-144,"Mega","ALDOA"
"CAPZB",7.31677114684598e-146,0.896877777783593,0.709,0.666,2.04086697598975e-141,"Mega","CAPZB"
"TUBA1B1",3.31660072512576e-144,1.220922266173,0.566,0.429,9.25099440259328e-140,"Mega","TUBA1B"
"PTP4A2",1.90152980730016e-143,1.04416509324091,0.583,0.459,5.30393709150234e-139,"Mega","PTP4A2"
"CD47",6.52045893666855e-142,1.27257702063465,0.639,0.582,1.81875161120496e-137,"Mega","CD47"
"SERF2",2.41125702487327e-136,0.81975857713837,0.927,0.961,6.725719219479e-132,"Mega","SERF2"
"RAC11",2.04980511409462e-134,1.07074430335583,0.595,0.47,5.71752140474411e-130,"Mega","RAC1"
"AP2M1",1.97096060399108e-132,1.0845636868321,0.533,0.416,5.49760041271231e-128,"Mega","AP2M1"
"SNX32",6.52330783254632e-121,1.10187926254343,0.528,0.411,1.81954625373214e-116,"Mega","SNX3"
"RHOA",1.66981233119936e-117,0.636203556930202,0.837,0.856,4.65760753541438e-113,"Mega","RHOA"
"PDGFA",1.73527727719036e-114,1.09757130069079,0.619,0.528,4.84020890926706e-110,"Mega","PDGFA"
"FKBP8",2.62939297107458e-99,1.03855318049944,0.536,0.452,7.33416581421832e-95,"Mega","FKBP8"
"EIF4G2",2.75519044460132e-96,0.93528866458424,0.584,0.53,7.68505270712647e-92,"Mega","EIF4G2"
"PARK7",2.39258880947367e-94,0.950674429309814,0.589,0.536,6.67364796626492e-90,"Mega","PARK7"
"TMEM219",6.57545912420088e-88,0.877021069296422,0.518,0.426,1.83409281351335e-83,"Mega","TMEM219"
"FLNA",1.96228031678173e-84,1.18073157279351,0.627,0.609,5.47338848759928e-80,"Mega","FLNA"
"MTRNR2L8",3.35254385948006e-76,1.28911770542149,0.817,0.835,9.35125058724772e-72,"Mega","MTRNR2L8"
"MTRNR2L1",6.40620251909655e-70,0.866479022546335,0.784,0.809,1.7868820686516e-65,"Mega","MTRNR2L1"
"BCAP31",1.13974099084906e-60,0.826598081032013,0.5,0.441,3.17907954577528e-56,"Mega","BCAP31"
"FYB11",4.38322099188813e-59,0.628515227720331,0.702,0.697,1.22261183126736e-54,"Mega","FYB1"
"TRAPPC1",2.15686419507231e-47,0.881016704732641,0.523,0.52,6.0161412993152e-43,"Mega","TRAPPC1"
"MORF4L1",1.65326385507481e-36,0.690165541366951,0.559,0.577,4.61144887096016e-32,"Mega","MORF4L1"
"MTRNR2L12",1.40351565833767e-35,0.589146704215949,0.987,0.997,3.91482622580126e-31,"Mega","MTRNR2L12"
"ACTG11",7.48232004324411e-31,0.587307645502222,0.86,0.929,2.08704352966208e-26,"Mega","ACTG1"
"PPP1R15A",1.54971782587136e-30,0.659748643216505,0.508,0.463,4.32262793170297e-26,"Mega","PPP1R15A"
"SH3BGRL",4.43710971277251e-26,0.759093048986343,0.505,0.535,1.23764301218364e-21,"Mega","SH3BGRL"
"ANP32B",5.33452681006913e-22,0.542985985080705,0.547,0.572,1.48795956313258e-17,"Mega","ANP32B"
"ATP6V0E1",2.20195454655123e-21,0.567136736530449,0.554,0.592,6.14191181669534e-17,"Mega","ATP6V0E1"
"ATP5MPL",6.46784354220026e-18,0.602887475671226,0.528,0.567,1.80407559922592e-13,"Mega","ATP5MPL"
"H3F3B",1.14894626142782e-13,0.737420235754269,0.829,0.951,3.20475580700062e-09,"Mega","H3F3B"
"BRK11",5.41733407829546e-13,0.535693242194364,0.51,0.558,1.51105699445895e-08,"Mega","BRK1"
"SRSF3",3.94407015364127e-05,0.659972068603945,0.364,0.503,1,"Mega","SRSF3"
"S100A8",0,6.63390141370042,0.964,0.121,0,"Mono/Macro","S100A8"
"S100A9",0,6.30927823827017,0.986,0.14,0,"Mono/Macro","S100A9"
"LYZ1",0,4.42381462326115,0.977,0.087,0,"Mono/Macro","LYZ"
"FCN1",0,4.11844500664846,0.965,0.035,0,"Mono/Macro","FCN1"
"S100A12",0,4.02194027962179,0.796,0.02,0,"Mono/Macro","S100A12"
"CST31",0,3.93155188910752,0.989,0.11,0,"Mono/Macro","CST3"
"VCAN",0,3.6521102164725,0.858,0.039,0,"Mono/Macro","VCAN"
"AIF11",0,3.61200133974161,0.975,0.143,0,"Mono/Macro","AIF1"
"SERPINA1",0,3.44191219349436,0.912,0.027,0,"Mono/Macro","SERPINA1"
"LST11",0,3.37860598102501,0.943,0.086,0,"Mono/Macro","LST1"
"IFITM31",0,3.16991959186273,0.864,0.295,0,"Mono/Macro","IFITM3"
"CTSS",0,3.13462987576417,0.976,0.344,0,"Mono/Macro","CTSS"
"TYMP1",0,3.0652134633301,0.919,0.15,0,"Mono/Macro","TYMP"
"FTL",0,3.05948201867318,1,0.979,0,"Mono/Macro","FTL"
"CD14",0,2.94213640461041,0.794,0.014,0,"Mono/Macro","CD14"
"MNDA1",0,2.93451155639836,0.859,0.036,0,"Mono/Macro","MNDA"
"TYROBP",0,2.91473984931659,0.996,0.285,0,"Mono/Macro","TYROBP"
"SPI11",0,2.88829277953741,0.885,0.057,0,"Mono/Macro","SPI1"
"PSAP1",0,2.87185097355785,0.974,0.506,0,"Mono/Macro","PSAP"
"MS4A6A1",0,2.77796345980633,0.823,0.025,0,"Mono/Macro","MS4A6A"
"S100A111",0,2.76110315390755,0.98,0.42,0,"Mono/Macro","S100A11"
"S100A61",0,2.73194069123021,0.998,0.846,0,"Mono/Macro","S100A6"
"FCER1G1",0,2.72104647334485,0.965,0.176,0,"Mono/Macro","FCER1G"
"CFD",0,2.70665807234856,0.782,0.022,0,"Mono/Macro","CFD"
"GRN1",0,2.69258713935719,0.881,0.119,0,"Mono/Macro","GRN"
"CSTA1",0,2.62360494316102,0.826,0.019,0,"Mono/Macro","CSTA"
"CD68",0,2.59485123163515,0.821,0.04,0,"Mono/Macro","CD68"
"SAT11",0,2.56506291433526,0.952,0.477,0,"Mono/Macro","SAT1"
"NEAT1",0,2.48723229609792,0.94,0.436,0,"Mono/Macro","NEAT1"
"CYBB",0,2.38371975707647,0.792,0.054,0,"Mono/Macro","CYBB"
"COTL11",0,2.32505567862684,0.951,0.381,0,"Mono/Macro","COTL1"
"TSPO1",0,2.31892212982403,0.934,0.433,0,"Mono/Macro","TSPO"
"LGALS31",0,2.30609885602543,0.811,0.105,0,"Mono/Macro","LGALS3"
"CSF3R",0,2.29739389157126,0.721,0.021,0,"Mono/Macro","CSF3R"
"FTH12",0,2.26833037418611,0.998,0.974,0,"Mono/Macro","FTH1"
"TKT1",0,2.21568814510211,0.901,0.317,0,"Mono/Macro","TKT"
"STXBP21",0,2.21040465792033,0.804,0.177,0,"Mono/Macro","STXBP2"
"LGALS21",0,2.2073612739765,0.583,0.018,0,"Mono/Macro","LGALS2"
"NCF21",0,2.15453021555194,0.729,0.027,0,"Mono/Macro","NCF2"
"CFP1",0,2.15183174293724,0.752,0.047,0,"Mono/Macro","CFP"
"FGL21",0,2.14572094982193,0.755,0.063,0,"Mono/Macro","FGL2"
"NCF11",0,2.12179271242849,0.799,0.199,0,"Mono/Macro","NCF1"
"CEBPD1",0,2.11976915910293,0.673,0.062,0,"Mono/Macro","CEBPD"
"CTSD",0,2.09082982117173,0.677,0.077,0,"Mono/Macro","CTSD"
"APLP2",0,2.041011498222,0.786,0.131,0,"Mono/Macro","APLP2"
"LILRB2",0,2.04082117613485,0.668,0.025,0,"Mono/Macro","LILRB2"
"FCGRT1",0,2.04047636577955,0.779,0.106,0,"Mono/Macro","FCGRT"
"LGALS11",0,1.99665613116725,0.958,0.408,0,"Mono/Macro","LGALS1"
"PLBD11",0,1.98382127677987,0.581,0.016,0,"Mono/Macro","PLBD1"
"FPR1",0,1.98296864641641,0.655,0.013,0,"Mono/Macro","FPR1"
"BLVRB1",0,1.97417460970761,0.725,0.077,0,"Mono/Macro","BLVRB"
"NPC21",0,1.95756378718559,0.846,0.273,0,"Mono/Macro","NPC2"
"TNFAIP2",0,1.94976829121028,0.635,0.016,0,"Mono/Macro","TNFAIP2"
"MPEG1",0,1.91621960812437,0.672,0.029,0,"Mono/Macro","MPEG1"
"RNF1301",0,1.89107394739825,0.743,0.093,0,"Mono/Macro","RNF130"
"HCK1",0,1.88210181690012,0.66,0.028,0,"Mono/Macro","HCK"
"DUSP6",0,1.83262151962176,0.542,0.013,0,"Mono/Macro","DUSP6"
"PYCARD1",0,1.83178559476102,0.794,0.204,0,"Mono/Macro","PYCARD"
"CLEC7A",0,1.80119438115743,0.624,0.015,0,"Mono/Macro","CLEC7A"
"SLC11A1",0,1.77421460396311,0.618,0.029,0,"Mono/Macro","SLC11A1"
"CD361",0,1.77400128887661,0.554,0.02,0,"Mono/Macro","CD36"
"CAPG1",0,1.76879824406376,0.682,0.103,0,"Mono/Macro","CAPG"
"RBP7",0,1.76845908472415,0.515,0.003,0,"Mono/Macro","RBP7"
"TALDO12",0,1.76532772542179,0.861,0.313,0,"Mono/Macro","TALDO1"
"CLEC12A",0,1.76222872334619,0.597,0.016,0,"Mono/Macro","CLEC12A"
"GABARAP1",0,1.75671294920667,0.967,0.727,0,"Mono/Macro","GABARAP"
"CPVL1",0,1.74264341897816,0.606,0.019,0,"Mono/Macro","CPVL"
"AP1S21",0,1.74087850756166,0.727,0.163,0,"Mono/Macro","AP1S2"
"CTSB1",0,1.74076014682789,0.739,0.166,0,"Mono/Macro","CTSB"
"LRP1",0,1.71263987013692,0.574,0.014,0,"Mono/Macro","LRP1"
"BRI3",0,1.70835986748588,0.638,0.077,0,"Mono/Macro","BRI3"
"S100A4",0,1.70424152879855,0.998,0.797,0,"Mono/Macro","S100A4"
"PILRA1",0,1.68013469141818,0.575,0.014,0,"Mono/Macro","PILRA"
"SLC7A7",0,1.66596848598646,0.583,0.015,0,"Mono/Macro","SLC7A7"
"VSIR",0,1.65011795865939,0.842,0.338,0,"Mono/Macro","VSIR"
"IFNGR2",0,1.64998775284577,0.652,0.093,0,"Mono/Macro","IFNGR2"
"PGD",0,1.64919524364185,0.679,0.117,0,"Mono/Macro","PGD"
"IGSF61",0,1.62003236750368,0.567,0.023,0,"Mono/Macro","IGSF6"
"LILRA5",0,1.60783249073523,0.534,0.01,0,"Mono/Macro","LILRA5"
"CDA",0,1.60089098904232,0.513,0.004,0,"Mono/Macro","CDA"
"S100A101",0,1.58909665219644,0.952,0.721,0,"Mono/Macro","S100A10"
"VIM1",0,1.57879528108578,0.974,0.746,0,"Mono/Macro","VIM"
"FGR",0,1.57591544366058,0.776,0.197,0,"Mono/Macro","FGR"
"C19orf38",0,1.57330216281594,0.568,0.018,0,"Mono/Macro","C19orf38"
"RAB311",0,1.55609014207311,0.6,0.037,0,"Mono/Macro","RAB31"
"ANXA51",0,1.54906243084824,0.79,0.251,0,"Mono/Macro","ANXA5"
"TIMP12",0,1.54233212115992,0.753,0.224,0,"Mono/Macro","TIMP1"
"FOS1",0,1.53674726378761,0.906,0.359,0,"Mono/Macro","FOS"
"OAZ11",0,1.53333179687314,0.986,0.834,0,"Mono/Macro","OAZ1"
"GSTP11",0,1.53058461372605,0.915,0.55,0,"Mono/Macro","GSTP1"
"JAML1",0,1.51498129707751,0.62,0.091,0,"Mono/Macro","JAML"
"PRAM1",0,1.51217180145964,0.542,0.015,0,"Mono/Macro","PRAM1"
"ANXA21",0,1.50636751491383,0.838,0.341,0,"Mono/Macro","ANXA2"
"ASAH11",0,1.50019306515084,0.739,0.214,0,"Mono/Macro","ASAH1"
"RAC12",0,1.4964485277747,0.816,0.349,0,"Mono/Macro","RAC1"
"CTSZ1",0,1.49565961978196,0.594,0.056,0,"Mono/Macro","CTSZ"
"TBXAS1",0,1.48213595042969,0.558,0.053,0,"Mono/Macro","TBXAS1"
"TGFBI1",0,1.47434165417404,0.501,0.018,0,"Mono/Macro","TGFBI"
"HLA-DRB12",0,1.43789214287011,0.796,0.267,0,"Mono/Macro","HLA-DRB1"
"ATP6V0B1",0,1.42723289574515,0.796,0.307,0,"Mono/Macro","ATP6V0B"
"ALDH21",0,1.41511407585619,0.522,0.04,0,"Mono/Macro","ALDH2"
"AGTRAP",0,1.40701954362068,0.714,0.194,0,"Mono/Macro","AGTRAP"
"GNAI2",0,1.40670818077335,0.798,0.308,0,"Mono/Macro","GNAI2"
"PECAM1",0,1.39804905728409,0.599,0.123,0,"Mono/Macro","PECAM1"
"C1orf1621",0,1.39710441934618,0.763,0.253,0,"Mono/Macro","C1orf162"
"CEBPB",0,1.39215387360306,0.592,0.142,0,"Mono/Macro","CEBPB"
"GRINA",0,1.38138215157464,0.648,0.146,0,"Mono/Macro","GRINA"
"GCA",0,1.3732880243388,0.519,0.055,0,"Mono/Macro","GCA"
"ZNF688",0,1.35000613184252,0.896,0.674,0,"Mono/Macro","ZNF688"
"AP2S11",0,1.34430655557501,0.79,0.307,0,"Mono/Macro","AP2S1"
"ADA2",0,1.34070550410443,0.61,0.13,0,"Mono/Macro","ADA2"
"NUP214",0,1.33857143455633,0.605,0.125,0,"Mono/Macro","NUP214"
"ARID5B",0,1.32009274197213,0.952,0.832,0,"Mono/Macro","ARID5B"
"CPPED11",0,1.31852218610988,0.517,0.046,0,"Mono/Macro","CPPED1"
"LGALS91",0,1.31127731424989,0.607,0.126,0,"Mono/Macro","LGALS9"
"PPT11",0,1.30083113564648,0.61,0.157,0,"Mono/Macro","PPT1"
"CTSH1",0,1.29076637571746,0.574,0.09,0,"Mono/Macro","CTSH"
"SCYL3",0,1.2901911995555,0.783,0.488,0,"Mono/Macro","SCYL3"
"AMFR",0,1.28014972949326,0.914,0.707,0,"Mono/Macro","AMFR"
"CLDN11",0,1.26838857971634,0.755,0.636,0,"Mono/Macro","CLDN11"
"LYN",0,1.2679245222933,0.586,0.108,0,"Mono/Macro","LYN"
"IFI6",0,1.26466432564136,0.607,0.305,0,"Mono/Macro","IFI6"
"TNFRSF1B",0,1.26241655391455,0.668,0.22,0,"Mono/Macro","TNFRSF1B"
"MCL1",0,1.22713655025133,0.75,0.373,0,"Mono/Macro","MCL1"
"ALDOA2",0,1.22593332057847,0.85,0.563,0,"Mono/Macro","ALDOA"
"PRELID11",0,1.22156994647524,0.755,0.401,0,"Mono/Macro","PRELID1"
"LY861",0,1.21708188886891,0.525,0.062,0,"Mono/Macro","LY86"
"C4orf48",0,1.21511824036079,0.602,0.169,0,"Mono/Macro","C4orf48"
"GAPDH1",0,1.19650335230788,0.987,0.915,0,"Mono/Macro","GAPDH"
"GLRX",0,1.19228001683526,0.701,0.259,0,"Mono/Macro","GLRX"
"HSBP1",0,1.1878377715411,0.599,0.14,0,"Mono/Macro","HSBP1"
"AXL",0,1.18563399043719,0.719,0.39,0,"Mono/Macro","AXL"
"TNFSF13B",0,1.1837519515213,0.961,0.79,0,"Mono/Macro","TNFSF13B"
"SYK1",0,1.17464926289355,0.568,0.097,0,"Mono/Macro","SYK"
"MT2A",0,1.16984599462508,0.693,0.387,0,"Mono/Macro","MT2A"
"NINJ1",0,1.16433586772547,0.545,0.151,0,"Mono/Macro","NINJ1"
"IL17RA",0,1.16328868007359,0.551,0.137,0,"Mono/Macro","IL17RA"
"FAM126B",0,1.16203726585983,0.619,0.286,0,"Mono/Macro","FAM126B"
"ODF3B",0,1.1619018780507,0.5,0.079,0,"Mono/Macro","ODF3B"
"H2AFY1",0,1.1539224128376,0.653,0.213,0,"Mono/Macro","H2AFY"
"ATP6V0D1",0,1.15366446304253,0.613,0.166,0,"Mono/Macro","ATP6V0D1"
"POU2F21",0,1.15317185588735,0.562,0.159,0,"Mono/Macro","POU2F2"
"EVI2B",0,1.15290563367464,0.628,0.204,0,"Mono/Macro","EVI2B"
"CRTAP1",0,1.14870963729165,0.566,0.154,0,"Mono/Macro","CRTAP"
"LTA4H",0,1.14257888327728,0.582,0.196,0,"Mono/Macro","LTA4H"
"FKBP1A2",0,1.13743182754914,0.781,0.396,0,"Mono/Macro","FKBP1A"
"SERPINB11",0,1.13168232441045,0.749,0.362,0,"Mono/Macro","SERPINB1"
"PTPRE1",0,1.12948160096532,0.562,0.141,0,"Mono/Macro","PTPRE"
"GNG51",0,1.12894401322776,0.837,0.481,0,"Mono/Macro","GNG5"
"PGLS1",0,1.12027990733704,0.673,0.268,0,"Mono/Macro","PGLS"
"CYBA",0,1.10635261759659,0.935,0.743,0,"Mono/Macro","CYBA"
"HLA-DRA2",0,1.10385651281519,0.896,0.263,0,"Mono/Macro","HLA-DRA"
"THEMIS2",0,1.10022569961356,0.531,0.103,0,"Mono/Macro","THEMIS2"
"SDCBP",0,1.09845767006259,0.632,0.224,0,"Mono/Macro","SDCBP"
"CARD16",0,1.08451084378435,0.745,0.342,0,"Mono/Macro","CARD16"
"LAMTOR4",0,1.08079262145003,0.858,0.524,0,"Mono/Macro","LAMTOR4"
"CNPY31",0,1.07738824658167,0.754,0.347,0,"Mono/Macro","CNPY3"
"RHOG1",0,1.0586647387512,0.796,0.436,0,"Mono/Macro","RHOG"
"TCIRG1",0,1.0534765860292,0.625,0.22,0,"Mono/Macro","TCIRG1"
"LYST",0,1.03964848901868,0.562,0.166,0,"Mono/Macro","LYST"
"MYO1F",0,1.03568953693569,0.712,0.285,0,"Mono/Macro","MYO1F"
"CSTB1",0,1.0199340964117,0.756,0.405,0,"Mono/Macro","CSTB"
"H3F3A1",0,1.01122757275963,0.98,0.896,0,"Mono/Macro","H3F3A"
"NOP10",0,1.00134951131065,0.691,0.311,0,"Mono/Macro","NOP10"
"ARPC1B2",0,0.998745356815566,0.855,0.555,0,"Mono/Macro","ARPC1B"
"VMP1",0,0.995694841907733,0.535,0.164,0,"Mono/Macro","VMP1"
"CAPNS1",0,0.990139941469217,0.534,0.148,0,"Mono/Macro","CAPNS1"
"GRK2",0,0.987775993166309,0.549,0.163,0,"Mono/Macro","GRK2"
"GLUL1",0,0.977322419940504,0.501,0.134,0,"Mono/Macro","GLUL"
"SOD21",0,0.970411018872107,0.563,0.237,0,"Mono/Macro","SOD2"
"SAMHD11",0,0.970376307125829,0.779,0.412,0,"Mono/Macro","SAMHD1"
"ZYX2",0,0.969585886195659,0.769,0.398,0,"Mono/Macro","ZYX"
"DAAM1",0,0.959216785638834,0.735,0.487,0,"Mono/Macro","DAAM1"
"ATP5F1E",0,0.950431172666855,0.99,0.941,0,"Mono/Macro","ATP5F1E"
"SRGN1",0,0.944019833732272,0.929,0.653,0,"Mono/Macro","SRGN"
"ELOB",0,0.935650749764465,0.909,0.686,0,"Mono/Macro","ELOB"
"GNB2",0,0.933118363806354,0.733,0.379,0,"Mono/Macro","GNB2"
"ARRB2",0,0.932878678933726,0.738,0.385,0,"Mono/Macro","ARRB2"
"FMNL1",0,0.921905932972175,0.582,0.212,0,"Mono/Macro","FMNL1"
"PKM2",0,0.921076986601165,0.819,0.521,0,"Mono/Macro","PKM"
"GRB2",0,0.919530190264802,0.705,0.347,0,"Mono/Macro","GRB2"
"SERP1",0,0.912919175652389,0.846,0.6,0,"Mono/Macro","SERP1"
"NF1",0,0.906618385799017,0.595,0.29,0,"Mono/Macro","NF1"
"CASP11",0,0.905046586825588,0.589,0.221,0,"Mono/Macro","CASP1"
"LAMTOR11",0,0.897391204570787,0.724,0.38,0,"Mono/Macro","LAMTOR1"
"ARPC31",0,0.895885433206532,0.947,0.828,0,"Mono/Macro","ARPC3"
"RILPL2",0,0.892487224841638,0.532,0.171,0,"Mono/Macro","RILPL2"
"KAT7",0,0.886040393678997,0.621,0.444,0,"Mono/Macro","KAT7"
"HLA-DMA2",0,0.884330519222589,0.566,0.179,0,"Mono/Macro","HLA-DMA"
"COMT",0,0.8803733071543,0.506,0.157,0,"Mono/Macro","COMT"
"AD000090.1",0,0.877223953962709,0.85,0.814,0,"Mono/Macro","AD000090.1"
"MT-ND4",0,0.873060928286108,0.979,0.904,0,"Mono/Macro","MT-ND4"
"ATP6V0C",0,0.871135473728022,0.732,0.5,0,"Mono/Macro","ATP6V0C"
"GSTO11",0,0.863076540694891,0.592,0.193,0,"Mono/Macro","GSTO1"
"ATP6V1F",0,0.856623677073819,0.717,0.398,0,"Mono/Macro","ATP6V1F"
"SERF21",0,0.847551146473726,0.987,0.951,0,"Mono/Macro","SERF2"
"SMAP2",0,0.840251397670959,0.564,0.231,0,"Mono/Macro","SMAP2"
"RNH11",0,0.831167040035067,0.623,0.293,0,"Mono/Macro","RNH1"
"ATP5MPL1",0,0.831069098527009,0.783,0.49,0,"Mono/Macro","ATP5MPL"
"ZFAND5",0,0.818533237037378,0.504,0.178,0,"Mono/Macro","ZFAND5"
"GLIPR11",0,0.808900764017297,0.613,0.268,0,"Mono/Macro","GLIPR1"
"BNIP3L",0,0.80479967063357,0.547,0.211,0,"Mono/Macro","BNIP3L"
"ZEB2",0,0.800875389026193,0.666,0.283,0,"Mono/Macro","ZEB2"
"ITGB2",0,0.794217111862307,0.927,0.697,0,"Mono/Macro","ITGB2"
"COX8A",0,0.792509736174284,0.85,0.589,0,"Mono/Macro","COX8A"
"SH3BGRL31",0,0.78909144975735,0.993,0.94,0,"Mono/Macro","SH3BGRL3"
"DNMT3A",0,0.786314221016205,0.527,0.252,0,"Mono/Macro","DNMT3A"
"MGAT1",0,0.779920930435291,0.533,0.21,0,"Mono/Macro","MGAT1"
"RBPJ",0,0.779510524697674,0.522,0.214,0,"Mono/Macro","RBPJ"
"ATG31",0,0.776091988761035,0.507,0.192,0,"Mono/Macro","ATG3"
"VAMP81",0,0.7744884605088,0.773,0.509,0,"Mono/Macro","VAMP8"
"FBXL5",0,0.771085082326808,0.502,0.194,0,"Mono/Macro","FBXL5"
"STX10",0,0.769032491864298,0.507,0.187,0,"Mono/Macro","STX10"
"MT-ND21",0,0.766530970912897,0.974,0.899,0,"Mono/Macro","MT-ND2"
"CLTA",0,0.765258703519869,0.6,0.272,0,"Mono/Macro","CLTA"
"RNASET21",0,0.76193766843822,0.715,0.433,0,"Mono/Macro","RNASET2"
"LRRFIP1",0,0.751142565202538,0.796,0.516,0,"Mono/Macro","LRRFIP1"
"PLP2",0,0.750796039470084,0.656,0.345,0,"Mono/Macro","PLP2"
"TMEM2191",0,0.747801093317985,0.653,0.346,0,"Mono/Macro","TMEM219"
"MYL61",0,0.743896791016557,0.975,0.885,0,"Mono/Macro","MYL6"
"METTL9",0,0.736085841047512,0.549,0.275,0,"Mono/Macro","METTL9"
"MYADM",0,0.735452889441606,0.501,0.212,0,"Mono/Macro","MYADM"
"GLIPR2",0,0.72744575904914,0.558,0.235,0,"Mono/Macro","GLIPR2"
"LAMTOR21",0,0.723107114371783,0.508,0.202,0,"Mono/Macro","LAMTOR2"
"VASP",0,0.722408938986005,0.581,0.284,0,"Mono/Macro","VASP"
"DUSP1",0,0.720504803129156,0.895,0.612,0,"Mono/Macro","DUSP1"
"CALM21",0,0.719613705805787,0.788,0.598,0,"Mono/Macro","CALM2"
"MT-ND1",0,0.71347862046638,0.989,0.932,0,"Mono/Macro","MT-ND1"
"COX7B",0,0.712796784683721,0.79,0.536,0,"Mono/Macro","COX7B"
"COX6B1",0,0.711867766469383,0.889,0.708,0,"Mono/Macro","COX6B1"
"BTBD9",0,0.701618051952654,0.509,0.256,0,"Mono/Macro","BTBD9"
"GPX41",0,0.699429487668075,0.764,0.515,0,"Mono/Macro","GPX4"
"PTPN61",0,0.691435984620711,0.663,0.367,0,"Mono/Macro","PTPN6"
"RAB5IF",0,0.681702740654542,0.539,0.245,0,"Mono/Macro","RAB5IF"
"RGS19",0,0.680249992756828,0.572,0.279,0,"Mono/Macro","RGS19"
"TPI11",0,0.679274858763375,0.818,0.581,0,"Mono/Macro","TPI1"
"COX5B",0,0.677353080432668,0.846,0.66,0,"Mono/Macro","COX5B"
"AHNAK",0,0.676256454530752,0.848,0.562,0,"Mono/Macro","AHNAK"
"SEC11A",0,0.673603534067135,0.655,0.377,0,"Mono/Macro","SEC11A"
"ENY2",0,0.672691476846842,0.555,0.263,0,"Mono/Macro","ENY2"
"NDUFB1",0,0.67025097157004,0.599,0.313,0,"Mono/Macro","NDUFB1"
"ACAP2",0,0.668747127288678,0.602,0.321,0,"Mono/Macro","ACAP2"
"ARPC51",0,0.668112762388721,0.749,0.477,0,"Mono/Macro","ARPC5"
"CLIC12",0,0.663505050325564,0.91,0.669,0,"Mono/Macro","CLIC1"
"ATP5F1A",0,0.659362647372362,0.903,0.838,0,"Mono/Macro","ATP5F1A"
"JUND",0,0.651603000610243,0.5,0.244,0,"Mono/Macro","JUND"
"HLA-DRB52",0,0.647717053967599,0.628,0.352,0,"Mono/Macro","HLA-DRB5"
"TLN11",0,0.646213315014021,0.663,0.329,0,"Mono/Macro","TLN1"
"B4GALT1",0,0.641337108676987,0.623,0.405,0,"Mono/Macro","B4GALT1"
"LCP1",0,0.641010761325983,0.882,0.663,0,"Mono/Macro","LCP1"
"HIGD2A",0,0.63072290336244,0.808,0.593,0,"Mono/Macro","HIGD2A"
"PSMB3",0,0.628050756288879,0.664,0.395,0,"Mono/Macro","PSMB3"
"ZFP36L11",0,0.617318574016263,0.627,0.457,0,"Mono/Macro","ZFP36L1"
"TXN1",0,0.61456296786291,0.615,0.341,0,"Mono/Macro","TXN"
"TMSB10",0,0.612375761562176,0.999,0.99,0,"Mono/Macro","TMSB10"
"ATP5MF1",0,0.610806985312464,0.738,0.488,0,"Mono/Macro","ATP5MF"
"UQCR11",0,0.609928999443108,0.87,0.69,0,"Mono/Macro","UQCR11"
"CAST",0,0.603849931333185,0.738,0.47,0,"Mono/Macro","CAST"
"ISG15",0,0.597461394142409,0.506,0.324,0,"Mono/Macro","ISG15"
"BST2",0,0.596510274133526,0.665,0.389,0,"Mono/Macro","BST2"
"ATP5MC21",0,0.596467314766219,0.954,0.88,0,"Mono/Macro","ATP5MC2"
"ENO11",0,0.595564109276198,0.775,0.562,0,"Mono/Macro","ENO1"
"FGF23",0,0.593718416366126,0.822,0.707,0,"Mono/Macro","FGF23"
"IQGAP1",0,0.584014163867705,0.714,0.429,0,"Mono/Macro","IQGAP1"
"RNASEK",0,0.583200978661487,0.556,0.321,0,"Mono/Macro","RNASEK"
"STMP1",0,0.582945732673167,0.571,0.305,0,"Mono/Macro","STMP1"
"CD44",0,0.581858567168888,0.77,0.55,0,"Mono/Macro","CD44"
"CD742",0,0.581721960638813,0.989,0.832,0,"Mono/Macro","CD74"
"HLA-DPA12",0,0.577207934354862,0.738,0.48,0,"Mono/Macro","HLA-DPA1"
"CHCHD10",0,0.572939381149734,0.507,0.267,0,"Mono/Macro","CHCHD10"
"SYNGR22",0,0.571735556172493,0.584,0.321,0,"Mono/Macro","SYNGR2"
"ATP6V0E11",0,0.55481087011453,0.752,0.534,0,"Mono/Macro","ATP6V0E1"
"PDGFA1",0,0.54964778088444,0.631,0.493,0,"Mono/Macro","PDGFA"
"RTN4",0,0.54640794410579,0.552,0.29,0,"Mono/Macro","RTN4"
"NFKBIA",0,0.546177616770209,0.785,0.601,0,"Mono/Macro","NFKBIA"
"POLR2L",0,0.5452743211905,0.726,0.504,0,"Mono/Macro","POLR2L"
"TUBA1A",0,0.544322088478536,0.566,0.372,0,"Mono/Macro","TUBA1A"
"CD63",0,0.544028093490418,0.592,0.311,0,"Mono/Macro","CD63"
"ZFP361",0,0.543877467048416,0.815,0.618,0,"Mono/Macro","ZFP36"
"EMP3",0,0.535836518335436,0.912,0.786,0,"Mono/Macro","EMP3"
"ANAPC11",0,0.531520254175659,0.595,0.341,0,"Mono/Macro","ANAPC11"
"WDR83OS",0,0.529593917454233,0.724,0.494,0,"Mono/Macro","WDR83OS"
"ATP5PD",0,0.52707703662976,0.686,0.451,0,"Mono/Macro","ATP5PD"
"MTRNR2L6",0,0.526362335326036,0.514,0.317,0,"Mono/Macro","MTRNR2L6"
"ACTB2",0,0.526304772562793,1,0.995,0,"Mono/Macro","ACTB"
"UQCRQ",0,0.524950983985016,0.667,0.428,0,"Mono/Macro","UQCRQ"
"PTP4A21",0,0.521304138050204,0.65,0.393,0,"Mono/Macro","PTP4A2"
"REEP5",0,0.513159376029444,0.539,0.292,0,"Mono/Macro","REEP5"
"GDI21",0,0.512265164710854,0.631,0.414,0,"Mono/Macro","GDI2"
"NAA381",0,0.510326788904733,0.539,0.3,0,"Mono/Macro","NAA38"
"RHOA1",0,0.508847547146408,0.911,0.836,0,"Mono/Macro","RHOA"
"GNLY",0,3.34437730515508,0.957,0.207,0,"NK","GNLY"
"GZMB",0,2.93004750106224,0.936,0.15,0,"NK","GZMB"
"SPON2",0,2.88862762114115,0.779,0.11,0,"NK","SPON2"
"PRF1",0,2.8222029947663,0.933,0.199,0,"NK","PRF1"
"NKG71",0,2.73523250230731,0.999,0.326,0,"NK","NKG7"
"FGFBP2",0,2.59032699517461,0.867,0.148,0,"NK","FGFBP2"
"CST71",0,2.47430370988373,0.983,0.272,0,"NK","CST7"
"CTSW1",0,2.46238389313922,0.966,0.306,0,"NK","CTSW"
"CLIC3",0,2.4140874857462,0.673,0.079,0,"NK","CLIC3"
"KLRF1",0,2.22715057004829,0.681,0.035,0,"NK","KLRF1"
"CCL4",0,2.18556939488484,0.677,0.133,0,"NK","CCL4"
"KLRD1",0,2.17632252328965,0.836,0.161,0,"NK","KLRD1"
"CD247",0,2.16409210494629,0.891,0.318,0,"NK","CD247"
"GZMA1",0,2.13438503676553,0.931,0.237,0,"NK","GZMA"
"HOPX",0,2.07993291559929,0.759,0.158,0,"NK","HOPX"
"FCGR3A",0,2.0454623333396,0.778,0.135,0,"NK","FCGR3A"
"GZMH1",0,1.95179782349232,0.855,0.184,0,"NK","GZMH"
"CD7",0,1.94746204236419,0.871,0.392,0,"NK","CD7"
"CCL52",0,1.91111672089126,0.905,0.334,0,"NK","CCL5"
"IL2RB",0,1.80013434558087,0.571,0.093,0,"NK","IL2RB"
"S1PR5",0,1.77338380191061,0.611,0.088,0,"NK","S1PR5"
"KLRB1",0,1.75599737418448,0.679,0.157,0,"NK","KLRB1"
"ADGRG1",0,1.65632237171658,0.579,0.085,0,"NK","ADGRG1"
"TTC38",0,1.633208089311,0.551,0.079,0,"NK","TTC38"
"GZMM1",0,1.55611818325242,0.837,0.331,0,"NK","GZMM"
"CMC1",0,1.53229822213053,0.544,0.166,0,"NK","CMC1"
"TRBC1",0,1.51982695143188,0.641,0.247,0,"NK","TRBC1"
"APMAP",0,1.48072267094728,0.632,0.198,0,"NK","APMAP"
"LITAF1",0,1.41592676617244,0.881,0.524,0,"NK","LITAF"
"IFITM2",0,1.36143105254481,0.916,0.645,0,"NK","IFITM2"
"MATK",0,1.34673997075637,0.501,0.109,0,"NK","MATK"
"IFITM1",0,1.32545580549234,0.993,0.723,0,"NK","IFITM1"
"GNG2",0,1.25124669477639,0.661,0.323,0,"NK","GNG2"
"SYNE1",0,1.21543066824282,0.577,0.24,0,"NK","SYNE1"
"EFHD2",0,1.16972122176895,0.663,0.334,0,"NK","EFHD2"
"ZAP701",0,1.15352382487166,0.67,0.295,0,"NK","ZAP70"
"ARL4C1",0,1.12169743224214,0.641,0.309,0,"NK","ARL4C"
"HCST1",0,1.12024775300826,0.949,0.741,0,"NK","HCST"
"C12orf75",0,1.10839421576422,0.577,0.204,0,"NK","C12orf75"
"TPST21",0,1.07459548355801,0.531,0.212,0,"NK","TPST2"
"RARRES31",0,1.06804902780767,0.783,0.496,0,"NK","RARRES3"
"RUNX3",0,1.03447791070951,0.506,0.226,0,"NK","RUNX3"
"ALOX5AP",0,1.00257987580769,0.54,0.299,0,"NK","ALOX5AP"
"UBB",0,0.988200622441518,0.886,0.713,0,"NK","UBB"
"PRKCH",0,0.980709957231017,0.536,0.244,0,"NK","PRKCH"
"ARPC5L",0,0.968039231445787,0.54,0.278,0,"NK","ARPC5L"
"JAK1",0,0.959997506553783,0.726,0.544,0,"NK","JAK1"
"SLC9A3R1",0,0.949688248017749,0.575,0.315,0,"NK","SLC9A3R1"
"PLEK1",0,0.948123083343726,0.63,0.358,0,"NK","PLEK"
"SYNE21",0,0.938504364895868,0.573,0.288,0,"NK","SYNE2"
"PLAC8",0,0.908098044205127,0.613,0.368,0,"NK","PLAC8"
"PDIA3",0,0.905229666071411,0.709,0.516,0,"NK","PDIA3"
"CALM11",0,0.899040431871809,0.964,0.862,0,"NK","CALM1"
"CALR",0,0.897065837187302,0.704,0.525,0,"NK","CALR"
"ITGB21",0,0.891817079188503,0.933,0.727,0,"NK","ITGB2"
"CD992",0,0.886315277064558,0.892,0.674,0,"NK","CD99"
"CD631",0,0.878614396273716,0.592,0.349,0,"NK","CD63"
"HLA-C",0,0.875068618786672,0.997,0.976,0,"NK","HLA-C"
"CTSC",0,0.863153666791524,0.611,0.371,0,"NK","CTSC"
"PFN1",0,0.86237696998284,0.984,0.952,0,"NK","PFN1"
"DHRS7",0,0.854786777969059,0.571,0.352,0,"NK","DHRS7"
"MBP",0,0.853159170696053,0.571,0.355,0,"NK","MBP"
"HLA-A",0,0.846930937333265,0.987,0.961,0,"NK","HLA-A"
"BIN21",0,0.837104194025859,0.735,0.529,0,"NK","BIN2"
"IRF1",0,0.836739573586441,0.598,0.443,0,"NK","IRF1"
"RAC2",0,0.819229822670215,0.917,0.799,0,"NK","RAC2"
"PAXX1",0,0.816632358401267,0.636,0.425,0,"NK","PAXX"
"B2M",0,0.795560621454409,1,1,0,"NK","B2M"
"PTPRCAP2",0,0.795071455365875,0.821,0.534,0,"NK","PTPRCAP"
"IER2",0,0.792613063950868,0.604,0.522,0,"NK","IER2"
"SEPT7",0,0.764300526077551,0.717,0.541,0,"NK","SEPT7"
"HSPA5",0,0.757878579293368,0.58,0.422,0,"NK","HSPA5"
"RAP1B1",0,0.749358455687216,0.768,0.57,0,"NK","RAP1B"
"SRGN2",0,0.74498792346314,0.926,0.691,0,"NK","SRGN"
"OSTF1",0,0.742756426219496,0.571,0.405,0,"NK","OSTF1"
"DOK21",0,0.739608373278443,0.541,0.337,0,"NK","DOK2"
"SKAP1",0,0.736761208729832,0.51,0.276,0,"NK","SKAP1"
"EVL1",0,0.735296513998634,0.803,0.568,0,"NK","EVL"
"CD69",0,0.734651360128246,0.582,0.425,0,"NK","CD69"
"FAM49B",0,0.727828338508518,0.571,0.405,0,"NK","FAM49B"
"ZFP362",0,0.724739768193648,0.705,0.663,0,"NK","ZFP36"
"HLA-E1",0,0.718679114390473,0.989,0.954,0,"NK","HLA-E"
"CCND31",0,0.711427475492296,0.743,0.584,0,"NK","CCND3"
"BSG",0,0.708769481277767,0.582,0.41,0,"NK","BSG"
"PPP1R18",0,0.707814670354488,0.575,0.409,0,"NK","PPP1R18"
"MYL12A1",0,0.701201552369916,0.961,0.891,0,"NK","MYL12A"
"ANXA6",0,0.700159184187149,0.631,0.451,0,"NK","ANXA6"
"CD53",0,0.684320744352362,0.687,0.537,0,"NK","CD53"
"FLNA1",0,0.678139323117226,0.74,0.586,0,"NK","FLNA"
"ARPC2",0,0.672161919106545,0.922,0.825,0,"NK","ARPC2"
"DBI",0,0.668207129756553,0.686,0.532,0,"NK","DBI"
"ZEB21",0,0.661374740432191,0.553,0.354,0,"NK","ZEB2"
"BZW1",0,0.660849865108992,0.546,0.411,0,"NK","BZW1"
"PPP1CA",0,0.631169369676237,0.73,0.59,0,"NK","PPP1CA"
"SELPLG",0,0.62386961742198,0.53,0.389,0,"NK","SELPLG"
"PRMT2",0,0.623797766692287,0.576,0.426,0,"NK","PRMT2"
"MSN1",0,0.623741538955412,0.716,0.585,0,"NK","MSN"
"CFL1",0,0.62333945705174,0.981,0.946,0,"NK","CFL1"
"TBC1D10C",0,0.615832330188961,0.583,0.415,0,"NK","TBC1D10C"
"CLEC2B",0,0.610848372026773,0.527,0.374,0,"NK","CLEC2B"
"WIPF11",0,0.608073089673244,0.597,0.457,0,"NK","WIPF1"
"HLA-B",0,0.60417663272357,0.98,0.979,0,"NK","HLA-B"
"PPP2R5C1",0,0.598143879224837,0.513,0.365,0,"NK","PPP2R5C"
"RNF213",0,0.595457476437722,0.683,0.565,0,"NK","RNF213"
"CFLAR",0,0.589915659790806,0.534,0.41,0,"NK","CFLAR"
"NDUFB7",0,0.581573169518449,0.568,0.445,0,"NK","NDUFB7"
"HLA-F",0,0.572734169940458,0.655,0.548,0,"NK","HLA-F"
"RBM39",0,0.569703162638844,0.745,0.674,0,"NK","RBM39"
"YWHAZ1",0,0.568187365687336,0.876,0.789,0,"NK","YWHAZ"
"PPIB",0,0.566155453320813,0.823,0.717,0,"NK","PPIB"
"PSMB10",0,0.566057974634082,0.62,0.51,0,"NK","PSMB10"
"TCF25",0,0.56232572984431,0.573,0.486,0,"NK","TCF25"
"RALY",0,0.53769235259369,0.541,0.429,0,"NK","RALY"
"PSME1",0,0.537054937049103,0.882,0.807,0,"NK","PSME1"
"HMGN3",0,0.533987530708119,0.524,0.413,0,"NK","HMGN3"
"GUK1",0,0.531296422303028,0.676,0.569,0,"NK","GUK1"
"PTPRC",0,0.527440303567634,0.901,0.84,0,"NK","PTPRC"
"ADGRE5",0,0.523995100185215,0.536,0.41,0,"NK","ADGRE5"
"YWHAQ1",0,0.523490810149039,0.534,0.407,0,"NK","YWHAQ"
"NDUFB2",0,0.522301885174231,0.675,0.574,0,"NK","NDUFB2"
"MYL12B",0,0.518303414172689,0.837,0.752,0,"NK","MYL12B"
"CAP11",0,0.510050017990886,0.616,0.513,0,"NK","CAP1"
"PSMB9",0,0.508559590626211,0.73,0.633,0,"NK","PSMB9"
"LCK2",0,0.506393712621386,0.615,0.422,0,"NK","LCK"
"CYBA1",0,0.501254864089621,0.898,0.776,0,"NK","CYBA"
"PLD41",0,4.07182515358894,0.932,0.041,0,"pDC","PLD4"
"LILRA4",0,3.85382425549768,0.926,0.004,0,"pDC","LILRA4"
"ITM2C",0,3.73766037856748,0.932,0.067,0,"pDC","ITM2C"
"IRF8",0,3.50821222948433,0.942,0.129,0,"pDC","IRF8"
"IRF7",0,3.38565221586905,0.946,0.274,0,"pDC","IRF7"
"JCHAIN",0,3.25539859632745,0.937,0.05,0,"pDC","JCHAIN"
"SERPINF1",0,3.12753063517186,0.895,0.017,0,"pDC","SERPINF1"
"IGKC",0,3.0292334843238,0.916,0.068,0,"pDC","IGKC"
"NAPSA1",0,3.02392633027909,0.917,0.138,0,"pDC","NAPSA"
"APP",0,2.88642918480998,0.912,0.12,0,"pDC","APP"
"UGCG",0,2.8553360692038,0.908,0.063,0,"pDC","UGCG"
"TCF4",0,2.85225593993464,0.898,0.068,0,"pDC","TCF4"
"CCDC50",0,2.80345986448179,0.907,0.074,0,"pDC","CCDC50"
"MZB1",0,2.70759384050152,0.87,0.028,0,"pDC","MZB1"
"TPM2",0,2.68634962620226,0.77,0.007,0,"pDC","TPM2"
"IL3RA",0,2.64662134280657,0.838,0.021,0,"pDC","IL3RA"
"TXN2",0,2.56062718293927,0.926,0.411,0,"pDC","TXN"
"CD743",0,2.49694694491757,0.997,0.873,0,"pDC","CD74"
"SCT",0,2.49312008680156,0.695,0,0,"pDC","SCT"
"ALOX5AP1",0,2.41632691646137,0.931,0.332,0,"pDC","ALOX5AP"
"BCL11A",0,2.37386182600386,0.847,0.094,0,"pDC","BCL11A"
"GZMB1",0,2.35859966863718,0.897,0.263,0,"pDC","GZMB"
"CLEC4C",0,2.30423379618504,0.795,0.002,0,"pDC","CLEC4C"
"SEC61B",0,2.22064276218235,0.963,0.561,0,"pDC","SEC61B"
"PPP1R14B",0,2.21393710643991,0.785,0.033,0,"pDC","PPP1R14B"
"TSPAN13",0,2.18963428854105,0.781,0.022,0,"pDC","TSPAN13"
"DERL3",0,2.14872185300212,0.754,0.012,0,"pDC","DERL3"
"CYB561A3",0,2.13611626736198,0.853,0.141,0,"pDC","CYB561A3"
"C12orf751",0,2.13155579147841,0.893,0.257,0,"pDC","C12orf75"
"HERPUD1",0,2.11301481362911,0.906,0.304,0,"pDC","HERPUD1"
"FAM129C1",0,2.11064843433331,0.809,0.064,0,"pDC","FAM129C"
"PLAC81",0,2.06557746793302,0.946,0.402,0,"pDC","PLAC8"
"TRAF4",0,2.02141255653347,0.669,0.031,0,"pDC","TRAF4"
"IRF4",0,1.97225547735502,0.613,0.028,0,"pDC","IRF4"
"RNASE61",0,1.97157551701913,0.838,0.133,0,"pDC","RNASE6"
"STMN1",0,1.96679867661193,0.824,0.124,0,"pDC","STMN1"
"NPC22",0,1.94766424806061,0.949,0.421,0,"pDC","NPC2"
"LRRC26",0,1.9310503257835,0.597,0,0,"pDC","LRRC26"
"LILRB41",0,1.8839704524902,0.801,0.096,0,"pDC","LILRB4"
"RHEX",0,1.86051636025455,0.702,0.01,0,"pDC","RHEX"
"HLA-DRA3",0,1.85310792056726,0.975,0.427,0,"pDC","HLA-DRA"
"SPIB",0,1.84810448357821,0.724,0.036,0,"pDC","SPIB"
"DNASE1L3",0,1.83346634729536,0.677,0.004,0,"pDC","DNASE1L3"
"HSP90B11",0,1.8321736708468,0.964,0.558,0,"pDC","HSP90B1"
"SPCS1",0,1.80205201909298,0.949,0.544,0,"pDC","SPCS1"
"CLIC31",0,1.7741376785121,0.755,0.164,0,"pDC","CLIC3"
"SOX4",0,1.74669871826808,0.581,0.077,0,"pDC","SOX4"
"MAP1A",0,1.74349101820544,0.632,0.005,0,"pDC","MAP1A"
"PTCRA1",0,1.72783162126575,0.676,0.01,0,"pDC","PTCRA"
"HLA-DPA13",0,1.72450308168631,0.966,0.546,0,"pDC","HLA-DPA1"
"SMPD3",0,1.71202190859637,0.621,0.01,0,"pDC","SMPD3"
"PTPRS",0,1.67007691755716,0.601,0.004,0,"pDC","PTPRS"
"HLA-DMA3",0,1.65498311928742,0.906,0.278,0,"pDC","HLA-DMA"
"SELENOS",0,1.65485272924295,0.802,0.197,0,"pDC","SELENOS"
"PLP21",0,1.62917004309812,0.917,0.424,0,"pDC","PLP2"
"FCHSD2",0,1.62900125005358,0.702,0.09,0,"pDC","FCHSD2"
"LGMN",0,1.60870478132809,0.655,0.02,0,"pDC","LGMN"
"MPEG11",0,1.60453840581551,0.805,0.195,0,"pDC","MPEG1"
"TGFBI2",0,1.59845465162145,0.793,0.142,0,"pDC","TGFBI"
"TNFRSF21",0,1.57406384596575,0.603,0.002,0,"pDC","TNFRSF21"
"CXCR3",0,1.5720258526376,0.669,0.061,0,"pDC","CXCR3"
"LAMP5",0,1.56671826151129,0.537,0.003,0,"pDC","LAMP5"
"RUNX2",0,1.56129637063265,0.687,0.054,0,"pDC","RUNX2"
"GAPT",0,1.5608295767506,0.644,0.064,0,"pDC","GAPT"
"CCDC88A1",0,1.54437490024765,0.76,0.158,0,"pDC","CCDC88A"
"SPINT21",0,1.52215212639406,0.801,0.157,0,"pDC","SPINT2"
"ZFAT",0,1.4974342282319,0.584,0.021,0,"pDC","ZFAT"
"GRN2",0,1.49291111993208,0.904,0.317,0,"pDC","GRN"
"GSN1",0,1.48451056906002,0.756,0.114,0,"pDC","GSN"
"LINC00996",0,1.45780637366878,0.504,0.009,0,"pDC","LINC00996"
"BLNK",0,1.43656105911915,0.63,0.034,0,"pDC","BLNK"
"GAS6",0,1.43532231290031,0.534,0.017,0,"pDC","GAS6"
"PPIB1",0,1.4286002450359,0.958,0.732,0,"pDC","PPIB"
"PTPRE2",0,1.41680110797895,0.813,0.249,0,"pDC","PTPRE"
"UBE2J1",0,1.40124142437604,0.805,0.276,0,"pDC","UBE2J1"
"TAGLN22",0,1.38893688888805,0.97,0.777,0,"pDC","TAGLN2"
"IGFLR1",0,1.37751194922443,0.741,0.143,0,"pDC","IGFLR1"
"PARK71",0,1.37395009562051,0.913,0.536,0,"pDC","PARK7"
"RPS6KA4",0,1.37158800092748,0.681,0.121,0,"pDC","RPS6KA4"
"RNASET22",0,1.37007752485659,0.922,0.505,0,"pDC","RNASET2"
"MAN2B11",0,1.34664225871247,0.775,0.214,0,"pDC","MAN2B1"
"HLA-DPB12",0,1.32639628830759,0.941,0.507,0,"pDC","HLA-DPB1"
"ST6GALNAC4",0,1.31663228310228,0.621,0.043,0,"pDC","ST6GALNAC4"
"MAPKAPK2",0,1.31262657439782,0.622,0.089,0,"pDC","MAPKAPK2"
"CTSB2",0,1.30758015150261,0.862,0.314,0,"pDC","CTSB"
"CD681",0,1.3023735676286,0.873,0.242,0,"pDC","CD68"
"HLA-DQA12",0,1.29836003767049,0.645,0.14,0,"pDC","HLA-DQA1"
"OFD1",0,1.29600473353527,0.707,0.177,0,"pDC","OFD1"
"AC119428.2",0,1.29312990118179,0.548,0.012,0,"pDC","AC119428.2"
"CD2AP",0,1.29278270015619,0.648,0.095,0,"pDC","CD2AP"
"IDH3A",0,1.28159414673977,0.621,0.078,0,"pDC","IDH3A"
"FCER1G2",0,1.2672789515375,0.956,0.38,0,"pDC","FCER1G"
"EIF4A3",0,1.25726268034992,0.602,0.105,0,"pDC","EIF4A3"
"HLA-DQB12",0,1.25696550910274,0.846,0.262,0,"pDC","HLA-DQB1"
"RUBCNL",0,1.23814917050008,0.576,0.041,0,"pDC","RUBCNL"
"CAPG2",0,1.23759158867782,0.838,0.253,0,"pDC","CAPG"
"UNC93B1",0,1.23333283478156,0.628,0.11,0,"pDC","UNC93B1"
"CAT1",0,1.21228295575471,0.738,0.203,0,"pDC","CAT"
"SFT2D2",0,1.21033521645179,0.698,0.185,0,"pDC","SFT2D2"
"WDFY4",0,1.19460063698766,0.567,0.05,0,"pDC","WDFY4"
"DAB21",0,1.19399290545318,0.549,0.034,0,"pDC","DAB2"
"CSF2RB",0,1.19278328803552,0.515,0.045,0,"pDC","CSF2RB"
"PTCH2",0,1.19106503534186,0.533,0.118,0,"pDC","PTCH2"
"FKBP2",0,1.18624330859827,0.756,0.225,0,"pDC","FKBP2"
"OSTC1",0,1.18454982689427,0.818,0.288,0,"pDC","OSTC"
"NUCB2",0,1.18378426458899,0.77,0.239,0,"pDC","NUCB2"
"MEF2C2",0,1.16833436687529,0.725,0.166,0,"pDC","MEF2C"
"PHACTR1",0,1.14745961768049,0.563,0.059,0,"pDC","PHACTR1"
"PHB",0,1.13737123337567,0.761,0.246,0,"pDC","PHB"
"RRBP1",0,1.12762562974108,0.582,0.123,0,"pDC","RRBP1"
"ERN1",0,1.11168532203997,0.571,0.131,0,"pDC","ERN1"
"SLC15A4",0,1.08201781177018,0.517,0.069,0,"pDC","SLC15A4"
"SULF2",0,1.0736674111248,0.545,0.077,0,"pDC","SULF2"
"HLA-DMB2",0,1.06021514621509,0.681,0.18,0,"pDC","HLA-DMB"
"C12orf45",0,1.00608466539966,0.626,0.164,0,"pDC","C12orf45"
"CXXC5",0,1.00269819491278,0.558,0.092,0,"pDC","CXXC5"
"CCDC186",0,0.997210230830358,0.581,0.135,0,"pDC","CCDC186"
"TSPAN3",0,0.986709125668103,0.581,0.114,0,"pDC","TSPAN3"
"IGHM1",0,0.986234222071031,0.613,0.067,0,"pDC","IGHM"
"SYK2",0,0.984926051100148,0.736,0.219,0,"pDC","SYK"
"A1BG",0,0.980435773039818,0.56,0.133,0,"pDC","A1BG"
"MIF4GD",0,0.975036292108456,0.656,0.177,0,"pDC","MIF4GD"
"SNRNP25",0,0.973962825534816,0.535,0.085,0,"pDC","SNRNP25"
"CORO1C",0,0.973091742070669,0.536,0.089,0,"pDC","CORO1C"
"TP53I13",0,0.963885806380808,0.562,0.092,0,"pDC","TP53I13"
"ATG101",0,0.948681274697212,0.501,0.083,0,"pDC","ATG101"
"PARP10",0,0.934476301006483,0.617,0.155,0,"pDC","PARP10"
"GNG7",0,0.931360680758539,0.515,0.051,0,"pDC","GNG7"
"NME4",0,0.929358719662163,0.532,0.12,0,"pDC","NME4"
"AHCY",0,0.929029803980998,0.554,0.105,0,"pDC","AHCY"
"PLA2G16",0,0.917558319232904,0.551,0.133,0,"pDC","PLA2G16"
"SCARB2",0,0.904842485480366,0.528,0.114,0,"pDC","SCARB2"
"DDAH2",0,0.840323625397381,0.525,0.11,0,"pDC","DDAH2"
"VAMP82",9.3669891907476e-305,1.32099453376959,0.928,0.577,2.61273429497523e-300,"pDC","VAMP8"
"GPR183",2.4100185752835e-301,1.1050351226188,0.555,0.138,6.72226481203827e-297,"pDC","GPR183"
"LAIR1",2.23427519937626e-300,0.956198121261309,0.602,0.163,6.23206381362019e-296,"pDC","LAIR1"
"TM9SF2",7.07785094684369e-297,1.22521792982067,0.767,0.265,1.97422496460311e-292,"pDC","TM9SF2"
"ERP29",6.02578815002226e-295,1.21747165118794,0.942,0.638,1.68077308868571e-290,"pDC","ERP29"
"CNPY32",6.2380153473876e-294,1.25825861153484,0.906,0.452,1.73996962084682e-289,"pDC","CNPY3"
"CHD9",9.58322141768103e-293,0.878552149892787,0.607,0.163,2.67304795003377e-288,"pDC","CHD9"
"JAML2",6.3763405898836e-290,0.929418663143742,0.734,0.228,1.77855268073623e-285,"pDC","JAML"
"HLA-DRB53",2.12217277908684e-289,1.39425378378472,0.912,0.422,5.91937653270691e-285,"pDC","HLA-DRB5"
"TUBA1B2",6.85757387036274e-289,1.44560759284046,0.859,0.429,1.91278307966028e-284,"pDC","TUBA1B"
"RNF1302",4.16461753618844e-287,1.05104504735813,0.78,0.261,1.16163676936904e-282,"pDC","RNF130"
"SSR4",8.29702644589198e-281,1.20307602495362,0.949,0.685,2.31428958655265e-276,"pDC","SSR4"
"ERCC1",1.07466732834304e-280,0.890266666723725,0.611,0.173,2.99756957894724e-276,"pDC","ERCC1"
"CST32",1.8700145847911e-280,1.00422592573617,0.967,0.338,5.21603168135781e-276,"pDC","CST3"
"NGLY1",1.51620574330716e-276,0.835275012768125,0.539,0.138,4.22915267980665e-272,"pDC","NGLY1"
"HLA-DRB13",2.50582927315232e-275,1.24599121000748,0.903,0.403,6.98950959160376e-271,"pDC","HLA-DRB1"
"SLC7A5",3.95216778567842e-275,0.854416624192353,0.507,0.123,1.10237816045928e-270,"pDC","SLC7A5"
"PDIA4",5.12983456806942e-274,0.932160269413299,0.599,0.168,1.4308647560716e-269,"pDC","PDIA4"
"PPM1K",5.39066763749528e-268,0.898716552674505,0.695,0.218,1.50361892412656e-263,"pDC","PPM1K"
"TMEM109",2.47019434846052e-267,0.971164532772902,0.698,0.23,6.89011309616094e-263,"pDC","TMEM109"
"PLEK2",3.26035774050773e-266,1.17471481503836,0.879,0.396,9.09411584559822e-262,"pDC","PLEK"
"SRP14",9.12568339655129e-264,1.01560931618591,0.968,0.833,2.54542686980005e-259,"pDC","SRP14"
"STX7",1.16353460594087e-262,0.791632196818686,0.606,0.173,3.24544707635088e-258,"pDC","STX7"
"DCK",2.13216359153439e-256,0.823343730532447,0.561,0.156,5.94724390586688e-252,"pDC","DCK"
"MIIP",7.55176038203271e-255,0.765924355203434,0.555,0.151,2.10641252336038e-250,"pDC","MIIP"
"SSR3",4.2686038850759e-252,0.995590720831146,0.749,0.281,1.19064168166422e-247,"pDC","SSR3"
"UCP2",8.03655419098213e-248,1.24528915506171,0.924,0.613,2.24163606049065e-243,"pDC","UCP2"
"CTSZ2",2.82938981655833e-247,0.923076958288448,0.632,0.196,7.89201701532616e-243,"pDC","CTSZ"
"NCF12",3.21539473073677e-237,0.861685273754181,0.875,0.354,8.96870052244407e-233,"pDC","NCF1"
"CD4",5.47553839750412e-235,0.962403222776655,0.626,0.206,1.52729192521582e-230,"pDC","CD4"
"FCGRT2",1.51967472773824e-233,0.863843740687744,0.785,0.28,4.23882871808028e-229,"pDC","FCGRT"
"SMIM14",6.91270382309027e-230,0.65864918599386,0.502,0.134,1.92816047737457e-225,"pDC","SMIM14"
"TMED10",1.72839612480052e-222,0.972495288375006,0.838,0.366,4.82101531090609e-218,"pDC","TMED10"
"IRF2BP2",1.00277604237484e-219,0.849506525253593,0.645,0.219,2.79704321499614e-215,"pDC","IRF2BP2"
"RNF5",7.62171030495898e-214,0.696625058144532,0.513,0.147,2.12592365536221e-209,"pDC","RNF5"
"CYTH4",2.12248783835649e-212,0.849902845722649,0.639,0.217,5.92025532752776e-208,"pDC","CYTH4"
"RPLP01",1.38402589037562e-211,0.745285443528395,0.994,0.968,3.86046341602472e-207,"pDC","RPLP0"
"SMARCB1",2.20223904217539e-210,0.782066568838656,0.621,0.206,6.1427053603398e-206,"pDC","SMARCB1"
"CTSC1",9.24565100280702e-208,1.14292893073834,0.832,0.405,2.57888943421296e-203,"pDC","CTSC"
"TACC1",3.01031510448621e-206,0.837411728258764,0.643,0.225,8.39667192094338e-202,"pDC","TACC1"
"SEC61G",1.65050263253017e-201,1.04687331983653,0.871,0.52,4.60374699291639e-197,"pDC","SEC61G"
"UNC119",3.16709355113504e-199,0.711956613277124,0.564,0.179,8.83397404218097e-195,"pDC","UNC119"
"NUDT22",8.0290176560134e-199,0.688512541890774,0.544,0.17,2.23953389479182e-194,"pDC","NUDT22"
"CUX1",1.43365126230473e-198,0.678274438202982,0.58,0.187,3.99888346594659e-194,"pDC","CUX1"
"SFT2D1",4.22971490389224e-198,0.746601334107393,0.646,0.23,1.17979437814266e-193,"pDC","SFT2D1"
"HMGA11",3.57282808710235e-196,0.770520123315623,0.599,0.206,9.96568938335457e-192,"pDC","HMGA1"
"CYBB1",3.66832094106594e-196,0.7269652413089,0.715,0.246,1.02320476009152e-191,"pDC","CYBB"
"HINT11",1.03568469909744e-195,0.886574070218567,0.949,0.797,2.8888353311925e-191,"pDC","HINT1"
"UBL7",3.72945747308958e-193,0.661868764944767,0.541,0.17,1.04025757296888e-188,"pDC","UBL7"
"CD362",1.69229709185661e-190,0.605529655723748,0.531,0.159,4.72032427831563e-186,"pDC","CD36"
"NUDT1",1.1009292846679e-182,0.638344818006455,0.501,0.153,3.07082205372417e-178,"pDC","NUDT1"
"CANX",6.45987369852593e-182,0.94473108443869,0.789,0.365,1.80185257072984e-177,"pDC","CANX"
"TIMM13",1.77238163245012e-179,0.721053512686557,0.644,0.238,4.94370408739312e-175,"pDC","TIMM13"
"ITGAE",1.64206392806824e-178,0.604628374561855,0.523,0.164,4.58020891456075e-174,"pDC","ITGAE"
"SELL1",9.56458695593204e-178,0.909002030274733,0.883,0.482,2.66785023961812e-173,"pDC","SELL"
"RPN2",3.27181677612672e-177,0.87540322929719,0.764,0.352,9.12607853365027e-173,"pDC","RPN2"
"TRAM1",2.44222311157027e-176,0.887760034449561,0.772,0.359,6.81209292510294e-172,"pDC","TRAM1"
"DNAJC4",7.54916747436625e-172,0.684368002087468,0.637,0.238,2.10568928362498e-167,"pDC","DNAJC4"
"WDR74",1.11587610690747e-168,1.10835558773227,0.72,0.318,3.112513224997e-164,"pDC","WDR74"
"TMEM14C1",1.44552678997236e-166,0.65792611022527,0.55,0.19,4.0320078752699e-162,"pDC","TMEM14C"
"PPIA1",1.2424263203176e-164,0.638098855485462,0.973,0.929,3.46549973526188e-160,"pDC","PPIA"
"COMT1",3.2015132045485e-164,0.692960045313014,0.646,0.247,8.92998078144712e-160,"pDC","COMT"
"MLF2",8.1317831976032e-162,0.739835102557711,0.725,0.317,2.26819828730746e-157,"pDC","MLF2"
"LYN1",1.03922524556732e-161,0.634712226753446,0.632,0.232,2.89871097746093e-157,"pDC","LYN"
"SAMHD12",1.937691455257e-161,0.981036053852824,0.876,0.507,5.40480277614834e-157,"pDC","SAMHD1"
"ALDH22",3.9553121784898e-161,0.510930005211123,0.516,0.165,1.10325522594616e-156,"pDC","ALDH2"
"OGT",1.88341145990672e-160,0.989590153106016,0.713,0.32,5.25339958511781e-156,"pDC","OGT"
"SIVA1",8.75061986469679e-160,0.859636279732401,0.703,0.319,2.44081039885988e-155,"pDC","SIVA1"
"GRSF1",1.71979242138058e-159,0.784066735773772,0.635,0.257,4.79701700095686e-155,"pDC","GRSF1"
"CD164",5.41318449998403e-159,0.896377153237461,0.799,0.404,1.50989955258055e-154,"pDC","CD164"
"FAM96A",8.44332654615536e-159,0.733666391519787,0.694,0.294,2.35509707351911e-154,"pDC","FAM96A"
"CCS",1.42757636507745e-157,0.612115080875018,0.532,0.182,3.98193875511052e-153,"pDC","CCS"
"RAB11FIP1",3.95422438974505e-157,0.75212467255356,0.539,0.19,1.10295180903159e-152,"pDC","RAB11FIP1"
"SKAP2",5.84821509806218e-156,0.600131188516761,0.526,0.179,1.63124263730248e-151,"pDC","SKAP2"
"LIME1",3.14952168725906e-155,0.763760395338756,0.651,0.26,8.7849608422717e-151,"pDC","LIME1"
"NHP2",7.30911879139786e-155,0.737507508791307,0.723,0.32,2.0387325044846e-150,"pDC","NHP2"
"LAP31",8.99254135947914e-155,0.657721373040072,0.598,0.223,2.50828956139952e-150,"pDC","LAP3"
"MS4A6A2",1.99272785485429e-154,0.879040345117487,0.617,0.232,5.55831580554506e-150,"pDC","MS4A6A"
"AC007952.4",5.33957858199341e-153,0.752664252492109,0.558,0.204,1.48936865387542e-148,"pDC","AC007952.4"
"LAPTM4A",1.65778202874727e-149,0.761469520916884,0.686,0.299,4.62405141278475e-145,"pDC","LAPTM4A"
"AC245014.3",5.83316240268417e-149,0.829940417537382,0.631,0.258,1.62704398898069e-144,"pDC","AC245014.3"
"SND1",1.25297344338598e-145,0.673706984853069,0.572,0.214,3.49491882563652e-141,"pDC","SND1"
"CDK2AP2",1.97676801278149e-144,0.768489544618183,0.642,0.27,5.51379901805141e-140,"pDC","CDK2AP2"
"SYNGR23",3.06253418268832e-143,0.845471730361358,0.764,0.388,8.54232659577254e-139,"pDC","SYNGR2"
"SLC25A51",1.33853831582523e-142,0.767013079027079,0.898,0.59,3.7335849243313e-138,"pDC","SLC25A5"
"SEC11C",1.83936779912116e-142,0.779800106521095,0.61,0.246,5.13054860208866e-138,"pDC","SEC11C"
"LMAN1",5.70805195693862e-142,0.609972884986549,0.515,0.18,1.59214693234889e-137,"pDC","LMAN1"
"AP3S1",3.29621553821946e-139,0.607211404995972,0.58,0.226,9.19413400075553e-135,"pDC","AP3S1"
"XBP1",5.1147689383613e-139,0.747877896260166,0.694,0.314,1.42666249997712e-134,"pDC","XBP1"
"MAP4K1",1.81601014171741e-136,0.528417668558163,0.509,0.176,5.06539708829238e-132,"pDC","MAP4K1"
"FERMT31",2.78555043161403e-135,0.666545977245424,0.749,0.358,7.76973581890101e-131,"pDC","FERMT3"
"P4HB",1.14105149992355e-134,0.819255232435173,0.782,0.433,3.18273494873677e-130,"pDC","P4HB"
"SNX33",5.39942194858709e-133,0.769056804918411,0.785,0.411,1.5060607641194e-128,"pDC","SNX3"
"BAG1",3.58501410450939e-132,0.68360954479884,0.573,0.232,9.99967984170805e-128,"pDC","BAG1"
"TMX1",3.65701441607967e-132,0.565545998260364,0.51,0.185,1.0200510310771e-127,"pDC","TMX1"
"SPCS3",2.80764830475953e-131,0.733723522269332,0.666,0.291,7.83137341646576e-127,"pDC","SPCS3"
"ATP6V0B2",8.50351724272849e-130,0.701634748247017,0.826,0.433,2.37188606451426e-125,"pDC","ATP6V0B"
"TMED9",1.84046716485414e-129,0.731141994229753,0.682,0.316,5.13361506292764e-125,"pDC","TMED9"
"NAPA",3.1008236988546e-128,0.721893199628013,0.732,0.363,8.64912754321513e-124,"pDC","NAPA"
"PDIA6",9.81074595138342e-127,0.689878170858035,0.635,0.275,2.73651136821938e-122,"pDC","PDIA6"
"OS9",1.20562761371534e-126,0.672095665219549,0.664,0.292,3.3628571029362e-122,"pDC","OS9"
"SEC13",1.04227779885263e-124,0.610173380666233,0.579,0.234,2.90722546433965e-120,"pDC","SEC13"
"MAP3K81",7.05610180514141e-124,0.613874212065541,0.59,0.245,1.96815847650809e-119,"pDC","MAP3K8"
"PHYKPL",9.13365079561204e-124,0.5131410976842,0.542,0.208,2.54764921642007e-119,"pDC","PHYKPL"
"KIF5B",1.96331331451479e-123,0.706456315263082,0.679,0.32,5.47626982817609e-119,"pDC","KIF5B"
"SNRPN",9.97048765943106e-121,0.565643807184228,0.579,0.233,2.7810681228451e-116,"pDC","SNRPN"
"SLC3A2",6.07297391189654e-120,0.572880193971324,0.604,0.254,1.6939346132453e-115,"pDC","SLC3A2"
"CHMP4B",8.44397725868834e-120,0.500554667432151,0.52,0.199,2.35527857676594e-115,"pDC","CHMP4B"
"CDKN2D1",1.99830537271961e-119,0.656139100178329,0.606,0.265,5.57387317612682e-115,"pDC","CDKN2D"
"DHRS71",2.95939644207611e-119,0.678725243350025,0.754,0.383,8.2546444958829e-115,"pDC","DHRS7"
"DNAJC7",7.20631434044558e-118,0.56543315379434,0.591,0.247,2.01005725898048e-113,"pDC","DNAJC7"
"GLIPR12",1.72100788892903e-117,0.713656583747547,0.732,0.357,4.80040730458976e-113,"pDC","GLIPR1"
"ZNF706",1.87145657183885e-117,0.705223493415085,0.708,0.355,5.22005381583011e-113,"pDC","ZNF706"
"SELENOH",4.95531991708291e-117,0.713341687626207,0.847,0.526,1.38218738447194e-112,"pDC","SELENOH"
"NBDY",8.45146037435145e-117,0.566872824248987,0.544,0.217,2.35736584221785e-112,"pDC","NBDY"
"HM13",2.31272355783471e-116,0.684121584086839,0.68,0.322,6.45087981986836e-112,"pDC","HM13"
"APEX11",1.63639744904203e-114,0.595913609173668,0.677,0.314,4.56440340461293e-110,"pDC","APEX1"
"MYDGF",2.28702486603346e-114,0.695572593283397,0.626,0.289,6.37919845882714e-110,"pDC","MYDGF"
"PTRHD11",3.55180491436802e-114,0.569013857486811,0.569,0.238,9.90704944764671e-110,"pDC","PTRHD1"
"GNAS1",3.83028623357617e-114,0.700454678011095,0.783,0.431,1.0683817391314e-109,"pDC","GNAS"
"NDUFV2",5.19820364596215e-114,0.639886187928363,0.724,0.361,1.44993494296822e-109,"pDC","NDUFV2"
"CLTC",6.39054375989961e-113,0.54513152604914,0.504,0.198,1.7825143709488e-108,"pDC","CLTC"
"PEBP11",4.6695484300423e-112,0.645678663071134,0.793,0.426,1.3024771435917e-107,"pDC","PEBP1"
"TRABD",1.26211390573588e-111,0.565623827679158,0.668,0.308,3.5204143172691e-107,"pDC","TRABD"
"DBNL",2.23499601188374e-111,0.610107744178584,0.705,0.35,6.23407437594733e-107,"pDC","DBNL"
"NIN",1.50261131785719e-109,0.619156875452202,0.533,0.223,4.19123374889905e-105,"pDC","NIN"
"HMGN1",6.28452122944477e-109,0.664460903111419,0.833,0.518,1.75294150652903e-104,"pDC","HMGN1"
"PRKCB",6.66081152346169e-108,0.599395621436311,0.651,0.302,1.85790015823917e-103,"pDC","PRKCB"
"CHCHD2",1.68390550142545e-107,0.597553142049607,0.942,0.801,4.696917615126e-103,"pDC","CHCHD2"
"SELENOF",1.51051229349372e-105,0.604221682855816,0.747,0.382,4.21327194024202e-101,"pDC","SELENOF"
"PPM1G",1.93158617547133e-104,0.594635468718124,0.614,0.281,5.38777331924218e-100,"pDC","PPM1G"
"MX1",3.49098019323703e-104,0.630124109692489,0.587,0.26,9.73739105299606e-100,"pDC","MX1"
"SSR1",2.50058495188501e-103,0.550376899985533,0.642,0.295,6.97488160629285e-99,"pDC","SSR1"
"DNAJA1",2.43191557631462e-99,0.57482107167208,0.66,0.316,6.78334211701437e-95,"pDC","DNAJA1"
"DDOST",4.48907382103704e-99,0.591888832471048,0.692,0.347,1.25213736090186e-94,"pDC","DDOST"
"CALM22",4.69809511652515e-98,0.698805874611859,0.885,0.647,1.31043967085236e-93,"pDC","CALM2"
"SPCS2",1.00855101113967e-97,0.600467243440692,0.735,0.378,2.81315133537187e-93,"pDC","SPCS2"
"H2AFY2",1.82702931477577e-97,0.545975178739442,0.682,0.327,5.09613286770405e-93,"pDC","H2AFY"
"CCDC69",3.554883306074e-97,0.545656607780446,0.635,0.3,9.91563600563222e-93,"pDC","CCDC69"
"ERGIC3",6.8453136709426e-94,0.582875882665622,0.684,0.344,1.90936334223602e-89,"pDC","ERGIC3"
"SUB1",1.13306494817971e-93,0.59655358192463,0.918,0.703,3.16045805995767e-89,"pDC","SUB1"
"KDELR2",1.10548490962577e-92,0.538401976804193,0.529,0.233,3.08352905841916e-88,"pDC","KDELR2"
"RPL22L11",1.88473024179754e-92,0.592088364934618,0.759,0.422,5.25707806344587e-88,"pDC","RPL22L1"
"TUBB",8.49884017299634e-92,0.630761492324289,0.787,0.471,2.37058148945387e-87,"pDC","TUBB"
"PAXX2",1.32127575340048e-91,0.628665933788933,0.778,0.455,3.68543445895997e-87,"pDC","PAXX"
"CYBA2",1.39332078524311e-91,0.736668586042972,0.952,0.793,3.88638966627861e-87,"pDC","CYBA"
"DDIT41",7.40113112485401e-91,0.550893093530491,0.635,0.303,2.06439750465553e-86,"pDC","DDIT4"
"RPN1",2.14083420085693e-90,0.614410673851363,0.664,0.343,5.97142883645022e-86,"pDC","RPN1"
"DSTN",4.07352960686445e-90,0.559559693153419,0.626,0.297,1.1362296132427e-85,"pDC","DSTN"
"TRIM22",2.06773043771599e-89,0.52105768066391,0.709,0.368,5.76752050992122e-85,"pDC","TRIM22"
"COMMD6",1.51319294373623e-88,0.563174453477813,0.93,0.824,4.22074907796347e-84,"pDC","COMMD6"
"COX5A1",3.26975913505746e-88,0.702178514294431,0.768,0.484,9.12033915541577e-84,"pDC","COX5A"
"TMED2",6.95096663432397e-88,0.52338490741265,0.612,0.295,1.93883312331199e-83,"pDC","TMED2"
"SRPRA",3.31490938563953e-87,0.508511066337055,0.59,0.273,9.24627674936435e-83,"pDC","SRPRA"
"ATP5F1B1",5.10375539934117e-87,0.589292364400088,0.848,0.562,1.42359049353823e-82,"pDC","ATP5F1B"
"AKAP9",8.76661447026496e-87,0.529560898859622,0.596,0.282,2.44527177419101e-82,"pDC","AKAP9"
"NR3C1",1.15573499186157e-84,0.55606506662955,0.631,0.311,3.22369161279948e-80,"pDC","NR3C1"
"BST21",6.78056426751227e-81,0.653249705561179,0.761,0.46,1.8913027911372e-76,"pDC","BST2"
"PSMA6",2.43554810447754e-80,0.542145832326983,0.704,0.38,6.79347432781921e-76,"pDC","PSMA6"
"GABARAPL21",3.05149634116017e-79,0.518135500095142,0.719,0.403,8.51153874439806e-75,"pDC","GABARAPL2"
"BRK12",2.24758846362805e-77,0.504967848599991,0.855,0.556,6.26919850159772e-73,"pDC","BRK1"
"ATP6V0C1",8.72666056451719e-75,0.585274695873954,0.811,0.56,2.43412743126078e-70,"pDC","ATP6V0C"
"TMEM258",5.87918403322575e-74,0.555333857968573,0.855,0.583,1.63988080238766e-69,"pDC","TMEM258"
"SELPLG1",1.59709983787905e-71,0.596459287032697,0.695,0.409,4.45479057779604e-67,"pDC","SELPLG"
"NME21",2.13177166860085e-69,0.539373888756166,0.832,0.586,5.94615071522834e-65,"pDC","NME2"
"BTG2",2.57776405519514e-68,1.04744017839622,0.604,0.338,7.1901572791558e-64,"pDC","BTG2"
"MTDH",8.61304320153128e-66,0.534220357881843,0.767,0.493,2.40243614020312e-61,"pDC","MTDH"
"HSPA51",6.24788831379783e-64,0.501891596211708,0.743,0.444,1.74272348736763e-59,"pDC","HSPA5"
"TMBIM6",1.04240511815774e-63,0.501316685131739,0.88,0.657,2.90758059607739e-59,"pDC","TMBIM6"
"TRDV2",0,3.975493661261,0.938,0.005,0," T","TRDV2"
"TRGV9",0,3.26149022067662,0.919,0.038,0," T","TRGV9"
"DUSP2",0,1.72276795413524,0.669,0.278,0," T","DUSP2"
"TRDC",0,1.7214364794571,0.571,0.079,0," T","TRDC"
"KLRB11",0,1.64479581107706,0.809,0.218,0," T","KLRB1"
"KLRG1",0,1.52218567804268,0.693,0.155,0," T","KLRG1"
"CCL53",0,1.34427610769105,0.995,0.402,0," T","CCL5"
"CST72",0,1.21032456180599,0.968,0.36,0," T","CST7"
"TNFAIP3",0,1.17456055274573,0.687,0.398,0," T","TNFAIP3"
"LYAR",0,1.16268089264464,0.668,0.253,0," T","LYAR"
"NKG72",0,1.12445547580149,0.995,0.409,0," T","NKG7"
"KLRD11",0,1.11183877347441,0.735,0.247,0," T","KLRD1"
"JUN",0,1.08389635048716,0.696,0.515,0," T","JUN"
"HOPX1",0,1.04061133420428,0.662,0.234,0," T","HOPX"
"CD3D2",0,1.03803295987932,0.881,0.43,0," T","CD3D"
"CTSW2",0,1.02052188211118,0.919,0.388,0," T","CTSW"
"GZMA2",0,1.01577190676884,0.893,0.324,0," T","GZMA"
"GZMM2",0,1.01134151724523,0.854,0.393,0," T","GZMM"
"IL322",0,1.00348368653756,0.986,0.576,0," T","IL32"
"CXCR42",0,0.991123876921483,0.701,0.45,0," T","CXCR4"
"SPOCK22",0,0.977980895362374,0.705,0.334,0," T","SPOCK2"
"TRBC11",0,0.939763480057403,0.674,0.295,0," T","TRBC1"
"CD3G2",0,0.934038670054226,0.743,0.358,0," T","CD3G"
"CD3E2",0,0.919402246243771,0.973,0.553,0," T","CD3E"
"SYNE22",0,0.90428346005822,0.668,0.321,0," T","SYNE2"
"GNLY1",0,0.882508512461929,0.728,0.306,0," T","GNLY"
"CD691",0,0.879293211360198,0.711,0.441,0," T","CD69"
"CD2471",0,0.824329363179192,0.776,0.392,0," T","CD247"
"CCL41",0,0.815827009511377,0.556,0.203,0," T","CCL4"
"SAMD3",0,0.794692815953624,0.508,0.199,0," T","SAMD3"
"ARL4C2",0,0.776819776574246,0.663,0.349,0," T","ARL4C"
"HCST2",0,0.752086507720424,0.953,0.767,0," T","HCST"
"PIK3R1",0,0.736410089157214,0.511,0.31,0," T","PIK3R1"
"SYNE11",0,0.724673237057412,0.548,0.283,0," T","SYNE1"
"FGFBP21",0,0.71655521267997,0.565,0.245,0," T","FGFBP2"
"PTPRCAP3",0,0.712340815614364,0.866,0.568,0," T","PTPRCAP"
"C12orf752",0,0.703844802134951,0.559,0.251,0," T","C12orf75"
"PPP1R15A1",0,0.6998289139535,0.647,0.459,0," T","PPP1R15A"
"PPP2R5C2",0,0.689698338545645,0.63,0.38,0," T","PPP2R5C"
"LITAF2",0,0.6868596670939,0.836,0.569,0," T","LITAF"
"ZFP36L2",0,0.648986221807974,0.866,0.758,0," T","ZFP36L2"
"PRF11",0,0.606314223554908,0.728,0.295,0," T","PRF1"
"IL7R2",0,0.595315642793329,0.614,0.363,0," T","IL7R"
"PAXX3",0,0.592168741452707,0.675,0.45,0," T","PAXX"
"APMAP1",0,0.582624749408217,0.513,0.255,0," T","APMAP"
"ALOX5AP2",0,0.571914212314935,0.526,0.329,0," T","ALOX5AP"
"SRSF7",0,0.570283285177615,0.673,0.507,0," T","SRSF7"
"CALM12",0,0.561862846510633,0.969,0.875,0," T","CALM1"
"HLA-C1",0,0.546306594157737,0.995,0.979,0," T","HLA-C"
"GZMH2",0,0.542662690682476,0.656,0.272,0," T","GZMH"
"PARP81",0,0.540788030707294,0.821,0.636,0," T","PARP8"
"TSC22D31",0,0.528812175767801,0.884,0.799,0," T","TSC22D3"
"GNG21",0,0.528077463378592,0.586,0.366,0," T","GNG2"
"CD993",0,0.527013520911066,0.903,0.701,0," T","CD99"
"LBH",0,0.513986609451297,0.53,0.318,0," T","LBH"
"LCK3",0,0.504026461584397,0.715,0.443,0," T","LCK"
"HSPA52",3.02346061873492e-278,0.514113066665183,0.612,0.441,8.43333870383731e-274," T","HSPA5"
"DUSP11",1.7583103133919e-200,0.584834447018872,0.791,0.683,4.90445495714403e-196," T","DUSP1"
"IRF11",1.92700998789986e-196,0.577219872041893,0.595,0.462,5.37500895924907e-192," T","IRF1"
"NFKBIA1",2.62126351390024e-142,0.742369570095218,0.714,0.647,7.31149031932195e-138," T","NFKBIA"
"ZFP363",6.18269134444955e-103,0.564814576028801,0.734,0.668,1.72453809670731e-98," T","ZFP36"
